"*) Potensi Luas Panen November 2025 - Januari 2026 diperkirakan berdasarkan Fase Standing Crops (Fase Generatif, Fase Vegetatif Akhir, Fase Vegetatif Awal) dan Persiapan Lahan Amatan KSA Oktober 2025",,,,,,,,,,,,,,,
**) Produksi padi September 2025-Januari 2026 merupakan angka sementara,,,,,,,,,,,,,,,
,,,,,,,,,,,,,,,
Keterangan/catatan data:,,,,,,,,,,,,,,,
1. Luas panen dari hasil Survei KSA Padi,,,,,,,,,,,,,,,
2. Luas panen padi November 2025-Januari 2026 merupakan angka potensi,,,,,,,,,,,,,,,
3. Produksi padi = luas panen x produktivitas,,,,,,,,,,,,,,,
4. Produksi padi Jan-Ags 2025 merupakan angka tetap karena dihitung berdasarkan angka luas panen Jan-Ags 2025 dan produktivitas subround bersesuaian. Produksi padi Sep-Des 2025 merupakan angka sementara karena dihitung menggunakan angka luas panen Sep-Okt 2025 dan angka potensi luas panen Nov-Des 2025 hasil amatan KSA Oktober 2025 dan rata-rata produktivitas SR 3 2023-2024. Produksi padi Jan 2026 merupakan angka sementara karena dihitung menggunakan angka potensi luas panen Jan 2026 hasil amatan KSA Oktober 2025 dan rata-rata produktivitas SR 1 2024-2025.,,,,,,,,,,,,,,,
5. Produksi beras dihitung berdasarkan angka konversi gabah ke beras (Survei SKGB 2018) dan konversi susut/tercecer gabah/beras NBM 2018-2020,,,,,,,,,,,,,,,
LUAS PANEN PADI TAHUN 2024 DI INDONESIA,,,,,,,,,,,,,,,
,,,,,,,,,,,,,,,
Prov,Kode Kab,Kabupaten/Kota,Luas Panen (Ha) 2024,,,,,,,,,,,,
,,,Januari,Februari,Maret,April,Mei,Juni,Juli,Agustus,September,Oktober,November,Desember,Jan-Des
ACEH,1101,SIMEULUE," 1,081.86 "," 2,665.50 "," 1,287.75 ", - , 114.38 , 68.70 , - , - , 66.33 , 69.10 , 266.17 ," 1,189.54 "," 6,809.33 "
ACEH,1102,ACEH SINGKIL, 82.55 , - , - , 2.41 , 40.81 , 161.57 , - , - , - , 19.22 , 112.40 , 58.33 , 477.29 
ACEH,1103,ACEH SELATAN, 539.66 , 742.17 ," 1,504.59 "," 2,018.18 ", 935.33 , 291.65 , 96.67 , 206.85 , 282.09 , 9.88 , 936.17 ," 1,096.94 "," 8,660.18 "
ACEH,1104,ACEH TENGGARA, 105.49 , 234.33 ," 1,025.66 "," 2,701.57 ", 757.18 ," 1,074.12 ", - , - , 76.88 ," 2,380.69 "," 2,512.37 ", 912.46 ," 11,780.75 "
ACEH,1105,ACEH TIMUR," 3,143.09 "," 2,723.19 "," 4,517.88 "," 3,829.63 "," 1,161.73 ", 637.39 , 151.27 , 195.60 ," 4,592.32 "," 4,712.95 "," 1,927.38 ", 881.95 ," 28,474.38 "
ACEH,1106,ACEH TENGAH, 160.31 , 172.21 , 537.69 , 110.38 , 174.48 , 874.29 , 329.81 , 142.09 , 38.33 , 67.45 , 241.81 , 124.40 ," 2,973.25 "
ACEH,1107,ACEH BARAT, - ," 4,823.17 "," 2,393.27 "," 1,429.04 ", 13.01 , 117.70 , 106.37 , 70.64 ," 2,134.11 "," 1,194.60 ", 102.75 , 9.12 ," 12,393.78 "
ACEH,1108,ACEH BESAR, 983.96 ," 5,908.49 "," 6,819.68 "," 5,693.49 "," 2,113.07 ", - , - , 360.21 ," 4,992.24 "," 6,189.30 "," 1,350.18 ", 0.47 ," 34,411.09 "
ACEH,1109,PIDIE, - ," 2,492.96 "," 10,958.07 "," 4,933.54 "," 3,198.41 ", 606.37 , 158.52 ," 4,931.20 "," 6,590.84 "," 2,761.72 ", 914.69 , 709.48 ," 38,255.80 "
ACEH,1110,BIREUEN," 1,574.10 "," 1,522.47 "," 2,589.64 "," 3,481.56 "," 4,728.29 "," 2,224.16 ", 67.71 , - , 614.43 ," 2,942.93 "," 4,613.15 "," 2,027.33 "," 26,385.77 "
ACEH,1111,ACEH UTARA," 5,355.36 "," 11,625.10 "," 4,627.66 "," 6,188.21 "," 4,276.27 "," 2,383.87 ", 389.85 , 812.19 ," 9,975.43 "," 6,489.44 "," 3,969.00 "," 5,296.00 "," 61,388.38 "
ACEH,1112,ACEH BARAT DAYA," 4,129.76 ", 824.55 , 158.11 , 63.43 , 9.88 ," 1,891.88 "," 1,372.42 "," 2,616.56 ", 603.26 , 85.30 , 49.41 , 29.65 ," 11,834.21 "
ACEH,1113,GAYO LUES, 542.95 , 299.11 , 482.82 , 34.96 , 457.17 ," 1,411.30 ", 210.07 , - , 44.02 , 662.74 , 127.38 , 189.45 ," 4,461.97 "
ACEH,1114,ACEH TAMIANG, 409.23 ," 1,106.73 "," 2,524.27 "," 2,726.10 ", 579.99 , 763.30 , 117.64 , 44.25 , 909.74 ," 2,775.85 "," 2,045.87 ", 988.02 ," 14,990.98 "
ACEH,1115,NAGAN RAYA, 740.76 , 772.29 ," 2,075.74 ", 882.06 , 450.97 , 315.11 , 48.68 , 468.71 , 493.62 ," 1,502.51 "," 1,441.87 ", 42.50 ," 9,234.82 "
ACEH,1116,ACEH JAYA, 341.50 , 734.68 ," 2,343.85 "," 1,097.22 ", 412.43 , 58.98 , 161.83 , 599.92 ," 1,705.72 "," 1,210.15 ", 503.15 , 602.63 ," 9,772.05 "
ACEH,1117,BENER MERIAH, 5.95 , 32.90 , 21.70 , 8.01 , 30.63 , 86.37 , 6.81 , 5.95 , 48.88 , 24.50 , 0.02 , 16.11 , 287.83 
ACEH,1118,PIDIE JAYA, 372.49 ," 1,604.47 "," 1,904.76 "," 1,341.36 "," 2,541.72 ", 446.82 , - , 679.44 ," 1,958.39 "," 1,740.17 "," 2,157.52 ", 457.66 ," 15,204.80 "
ACEH,1171,BANDA ACEH, - , 0.68 , - , 6.34 , 0.76 , 2.29 , - , - , 0.42 , 2.22 , 0.18 , 0.00 , 12.89 
ACEH,1172,SABANG, - , - , - , - , - , - , - , - , - , - , - , - , - 
ACEH,1173,LANGSA, - , 59.86 , 498.36 , 363.30 , - , - , - , - , 1.02 , 163.94 , 396.77 , 95.87 ," 1,579.12 "
ACEH,1174,LHOKSEUMAWE, 18.73 , 28.68 , 264.36 , 278.78 , 519.72 , 5.12 , - , - , - , 291.87 , 274.70 , 99.50 ," 1,781.45 "
ACEH,1175,SUBULUSSALAM, 1.23 , - , - , - , 1.23 , 11.06 , - , - , - , - , 2.46 , 10.24 , 26.22 
SUMATERA UTARA,1201,NIAS," 1,218.91 ", 589.18 ," 1,221.86 ", 464.14 , 455.70 , 582.30 ," 1,137.24 ", 420.93 , 728.85 , 347.72 ," 1,032.44 ", 974.43 ," 9,173.70 "
SUMATERA UTARA,1202,MANDAILING NATAL," 1,363.80 "," 2,017.20 "," 3,803.95 "," 1,305.89 ", 913.74 ," 1,803.00 "," 1,188.49 ", 686.61 ," 2,908.46 "," 3,062.15 "," 1,871.96 "," 1,700.55 "," 22,625.80 "
SUMATERA UTARA,1203,TAPANULI SELATAN," 3,185.68 "," 1,159.67 "," 1,542.64 ", 776.42 ," 1,696.15 "," 2,910.14 "," 2,593.06 ", 438.90 ," 1,630.16 "," 1,608.83 ", 568.07 ," 1,855.84 "," 19,965.56 "
SUMATERA UTARA,1204,TAPANULI TENGAH, 204.85 ," 1,087.13 "," 1,651.67 ", 952.18 ," 1,283.12 ", 813.95 , 221.67 ," 1,363.80 ", 895.06 ," 1,433.48 "," 1,017.08 "," 1,212.84 "," 12,136.83 "
SUMATERA UTARA,1205,TAPANULI UTARA, 430.90 ," 1,045.48 ", 277.34 , 281.79 ," 8,558.15 "," 9,049.72 "," 1,575.59 ", 143.08 , 69.33 , 107.78 , 514.81 ," 2,133.43 "," 24,187.41 "
SUMATERA UTARA,1206,TOBA, 994.81 , 305.15 , 466.41 , 372.77 , 487.09 ," 3,565.55 "," 3,926.78 "," 2,836.13 "," 1,550.84 ", 964.96 , 84.80 , 525.64 ," 16,080.93 "
SUMATERA UTARA,1207,LABUHAN BATU, 710.16 ," 9,401.34 "," 2,196.45 ", - , - , 48.88 , 11.49 ," 2,218.42 ", 169.06 , 3.73 , 46.86 , 128.56 ," 14,934.95 "
SUMATERA UTARA,1208,ASAHAN, 46.26 , 311.18 ," 2,210.32 "," 2,380.00 ", 352.75 , 35.21 , 19.05 , 68.84 ," 1,118.91 "," 3,338.95 "," 1,122.52 ", 339.53 ," 11,343.52 "
SUMATERA UTARA,1209,SIMALUNGUN," 3,654.42 "," 3,543.28 "," 3,461.98 "," 3,318.57 "," 1,703.14 "," 1,873.18 "," 2,448.44 ", 982.92 ," 3,728.85 "," 3,182.95 "," 2,901.07 "," 3,704.53 "," 34,503.33 "
SUMATERA UTARA,1210,DAIRI, 429.36 , 947.73 , 615.37 , 643.32 , 196.44 , 231.51 , 620.97 , 971.12 , 398.05 , 710.49 , 278.06 , 251.59 ," 6,294.01 "
SUMATERA UTARA,1211,KARO, 905.04 ," 1,782.15 "," 1,023.09 ", 313.73 , 356.61 , 683.20 , 620.73 , 533.01 , 512.36 , 515.27 , 601.06 , 189.34 ," 8,035.59 "
SUMATERA UTARA,1212,DELI SERDANG," 1,250.89 "," 10,334.16 "," 11,057.29 "," 2,409.88 ", 281.72 , 296.78 , 279.07 ," 2,844.62 "," 8,926.80 "," 9,152.09 "," 2,306.34 "," 1,073.95 "," 50,213.59 "
SUMATERA UTARA,1213,LANGKAT, 570.48 ," 3,137.28 "," 4,592.02 "," 2,654.57 "," 1,202.77 ", 662.54 , 51.09 , 185.88 ," 1,683.52 "," 5,808.64 "," 3,007.45 "," 1,204.27 "," 24,760.51 "
SUMATERA UTARA,1214,NIAS SELATAN," 1,369.61 ", 868.63 , 980.95 ," 1,064.65 "," 1,003.56 "," 1,254.96 "," 1,019.40 ", 882.67 ," 1,230.97 ", 706.42 ," 1,264.51 "," 1,034.05 "," 12,680.38 "
SUMATERA UTARA,1215,HUMBANG HASUNDUTAN," 1,628.06 "," 1,788.07 ", 88.41 , 227.63 ," 4,655.38 "," 3,521.31 "," 1,214.55 "," 2,080.21 ", 172.49 , 293.05 , - ," 1,568.75 "," 17,237.91 "
SUMATERA UTARA,1216,PAKPAK BHARAT, 119.87 , 545.94 , 130.08 , 93.53 , - , - , 54.67 , 431.14 , 199.35 , 100.47 , - , 0.38 ," 1,675.43 "
SUMATERA UTARA,1217,SAMOSIR, 195.69 , 441.84 , 602.78 ," 1,280.32 "," 1,752.44 ", 573.68 , 366.50 , 220.33 , 411.40 , 602.60 , 193.04 , 474.28 ," 7,114.90 "
SUMATERA UTARA,1218,SERDANG BEDAGAI," 2,159.86 "," 8,110.72 "," 10,649.01 "," 4,121.94 ", 281.04 , 196.47 , 78.78 ," 2,214.80 "," 10,515.51 "," 11,788.18 ", 930.16 , 71.14 ," 51,117.61 "
SUMATERA UTARA,1219,BATU BARA, 470.30 ," 1,190.19 "," 2,751.64 "," 1,077.08 ", 284.56 , 250.83 , 219.47 , 388.62 ," 3,139.20 ", 969.31 , 591.37 , 403.42 ," 11,735.98 "
SUMATERA UTARA,1220,PADANG LAWAS UTARA, 887.98 ," 1,296.16 "," 2,183.56 "," 1,224.06 "," 1,344.09 ", 993.88 , 190.22 , 183.60 ," 1,234.35 ", 390.33 , 671.32 , 790.26 ," 11,389.81 "
SUMATERA UTARA,1221,PADANG LAWAS, 315.05 , 930.40 ," 4,101.44 ", 514.59 , 807.06 , 228.30 , 132.62 , 930.74 ," 2,375.73 ", 592.70 , 327.49 , 99.43 ," 11,355.56 "
SUMATERA UTARA,1222,LABUHAN BATU SELATAN, - , - , 22.69 , 5.67 , - , 28.36 , 17.02 , - , 28.36 , - , - , - , 102.10 
SUMATERA UTARA,1223,LABUHAN BATU UTARA," 1,315.00 "," 14,194.54 "," 1,188.67 ", 70.56 , 74.25 , 273.23 , 334.43 , 309.21 , 384.80 , 38.49 , 60.40 , 509.84 ," 18,753.42 "
SUMATERA UTARA,1224,NIAS UTARA," 1,289.91 ", 481.75 , 110.18 , 313.51 ," 1,407.73 ", 551.80 ," 1,813.69 ", 131.41 , 302.36 , 604.69 , 944.83 ," 1,211.14 "," 9,163.00 "
SUMATERA UTARA,1225,NIAS BARAT, 167.69 , 38.65 , 147.91 , 530.06 , 224.88 , 210.54 , 108.69 , 59.82 , 595.14 , 217.31 , 70.60 , 211.70 ," 2,582.99 "
SUMATERA UTARA,1271,SIBOLGA, - , - , - , - , - , - , - , - , - , - , - , - , - 
SUMATERA UTARA,1272,TANJUNG BALAI, 7.79 , 15.57 , 7.79 , - , 1.95 , - , - , - , 9.73 , 1.95 , - , - , 44.78 
SUMATERA UTARA,1273,PEMATANG SIANTAR, 152.84 , 301.04 , 95.62 , 63.15 , 21.05 , 71.66 , 266.66 , 105.25 , 206.36 , 279.99 , 5.91 , 29.56 ," 1,599.09 "
SUMATERA UTARA,1274,TEBING TINGGI, - , 105.24 , 45.27 , 73.48 , 6.12 , - , - , - , 18.76 , 142.99 , 54.86 , 12.45 , 459.17 
SUMATERA UTARA,1275,MEDAN, 26.68 , 214.50 , 180.77 , 10.25 , 28.66 , 3.70 , - , - , 221.30 , 219.06 , 14.63 , - , 919.54 
SUMATERA UTARA,1276,BINJAI, 93.32 , 351.93 , 47.14 , 13.32 , - , 40.00 , 27.70 , 37.82 , 235.28 , 194.39 , 7.73 , 45.09 ," 1,093.72 "
SUMATERA UTARA,1277,PADANGSIDIMPUAN, 289.20 , 238.54 , 361.44 , 343.82 , 440.99 , 318.58 , 257.03 , 177.24 , 512.76 , 364.39 , 166.14 , 116.62 ," 3,586.75 "
SUMATERA UTARA,1278,GUNUNGSITOLI, 150.01 , 444.21 , 192.32 , 16.11 , 117.53 , 451.40 , 302.68 , - , 48.34 , 333.51 , 468.10 , 71.41 ," 2,595.61 "
SUMATERA BARAT,1301,KEPULAUAN MENTAWAI, - , 2.51 , 6.56 , - , 5.26 , - , 11.82 , 23.64 , 77.50 , 23.55 , 7.54 , 18.90 , 177.28 
SUMATERA BARAT,1302,PESISIR SELATAN," 5,040.53 "," 3,983.53 "," 2,588.18 "," 1,080.26 "," 4,648.63 "," 8,085.37 "," 1,822.04 ", 394.91 ," 1,886.69 "," 1,698.33 ", 793.58 ," 2,640.27 "," 34,662.32 "
SUMATERA BARAT,1303,SOLOK," 1,675.66 "," 3,143.33 "," 5,154.99 "," 3,046.31 "," 2,298.14 "," 2,552.51 "," 2,762.78 "," 2,746.46 "," 4,759.67 "," 3,664.44 "," 1,900.25 "," 1,338.75 "," 35,043.30 "
SUMATERA BARAT,1304,SIJUNJUNG, 853.34 ," 1,501.23 "," 1,622.54 "," 1,832.78 "," 1,994.96 ", 576.57 , - , 662.40 ," 2,235.24 "," 1,970.33 "," 1,180.41 ", 743.96 ," 15,173.75 "
SUMATERA BARAT,1305,TANAH DATAR," 2,580.20 "," 1,499.92 "," 3,221.73 "," 1,967.98 "," 3,221.11 "," 4,310.59 "," 2,900.21 "," 1,766.04 "," 3,158.20 "," 1,931.11 "," 2,849.95 "," 3,161.95 "," 32,568.98 "
SUMATERA BARAT,1306,PADANG PARIAMAN," 2,708.02 "," 1,778.31 "," 3,945.11 "," 1,906.76 "," 2,997.66 "," 3,490.59 "," 1,170.99 ", 829.98 ," 4,397.36 "," 2,685.90 "," 2,227.13 "," 2,390.46 "," 30,528.27 "
SUMATERA BARAT,1307,AGAM," 1,916.50 "," 2,314.66 "," 3,300.90 "," 2,323.17 "," 2,995.52 "," 3,059.57 "," 2,733.59 "," 1,504.26 "," 2,117.37 "," 2,657.44 "," 2,812.45 "," 2,019.67 "," 29,755.10 "
SUMATERA BARAT,1308,LIMA PULUH KOTA," 2,565.09 "," 1,695.06 "," 3,118.44 "," 2,340.93 "," 2,694.07 "," 3,194.47 "," 2,406.69 "," 1,188.91 "," 3,251.38 "," 3,410.62 "," 2,446.97 "," 2,285.70 "," 30,598.33 "
SUMATERA BARAT,1309,PASAMAN," 2,200.35 "," 2,135.15 "," 6,033.35 "," 1,508.57 "," 1,586.82 "," 2,266.68 "," 1,544.78 ", 933.45 ," 6,393.87 "," 2,659.79 "," 1,698.74 ", 543.51 ," 29,505.06 "
SUMATERA BARAT,1310,SOLOK SELATAN," 1,576.20 "," 1,058.90 "," 1,197.78 ", 704.17 , 958.19 ," 1,201.99 "," 2,235.19 ", 507.38 , 706.51 , 589.87 ," 1,179.49 "," 1,141.60 "," 13,057.27 "
SUMATERA BARAT,1311,DHARMASRAYA, 753.53 , 530.15 ," 1,566.48 ", 568.03 ," 1,004.54 "," 1,093.05 ", 165.61 , 867.42 ," 1,001.55 "," 1,726.58 ", 500.69 , 541.10 ," 10,318.73 "
SUMATERA BARAT,1312,PASAMAN BARAT, 238.40 , 678.87 ," 3,129.01 ", 816.24 , 651.86 , 330.72 , 221.33 , 297.09 ," 1,512.93 "," 1,322.76 ", 563.10 , 243.36 ," 10,005.67 "
SUMATERA BARAT,1371,PADANG, 584.56 ," 1,027.34 ", 826.50 , 558.72 ," 1,292.21 ", 954.79 , 338.26 , 619.21 ," 1,415.46 ", 692.39 ," 1,519.73 ", 288.90 ," 10,118.08 "
SUMATERA BARAT,1372,SOLOK, 72.22 , - , 244.15 , 413.50 , 251.88 , 60.19 , 77.37 , 229.54 , 282.84 , 367.93 , 60.19 , 79.95 ," 2,139.76 "
SUMATERA BARAT,1373,SAWAH LUNTO, 12.73 , 494.60 , 359.69 , - , 58.47 , 94.80 , 4.53 , 82.43 , 641.97 , 150.27 , 33.54 , 107.27 ," 2,040.30 "
SUMATERA BARAT,1374,PADANG PANJANG, 55.77 , - , 86.25 , 86.25 , 120.75 , 19.26 , 36.51 , 34.50 , 138.00 , 122.76 , 17.25 , 38.52 , 755.82 
SUMATERA BARAT,1375,BUKITTINGGI, 30.63 , - , 23.49 , 76.53 , 113.72 , 46.44 , 32.19 , 22.44 , 44.88 , 54.60 , 107.12 , 45.93 , 597.97 
SUMATERA BARAT,1376,PAYAKUMBUH, 226.81 , 224.71 , 179.16 , 431.77 , 712.56 , 641.40 , 231.19 , 98.16 , 241.82 , 710.28 , 412.26 , 885.95 ," 4,996.07 "
SUMATERA BARAT,1377,PARIAMAN, 155.85 , 196.75 , 235.57 , 272.55 , 727.61 , 179.58 , 114.94 , 189.97 , 113.86 , 509.66 , 278.13 , 262.46 ," 3,236.93 "
RIAU,1401,KUANTAN SINGINGI, 26.03 , - , - , - , 169.13 ," 1,806.52 ", 501.91 , - ," 1,361.02 ", 664.75 , 167.03 , 268.11 ," 4,964.49 "
RIAU,1402,INDRAGIRI HULU, 100.57 , - , 9.70 , - , - , 23.78 , 39.38 , 144.41 , 189.44 , 258.23 , 137.17 , 16.88 , 919.55 
RIAU,1403,INDRAGIRI HILIR, 212.78 , 74.38 , 172.38 , 883.17 ," 2,400.60 "," 3,303.44 "," 3,619.12 "," 2,894.45 ", 973.05 , 453.09 , 460.25 , 494.28 ," 15,940.99 "
RIAU,1404,PELALAWAN, 571.62 ," 1,661.55 "," 2,944.10 ", 465.19 , 182.68 , 697.46 , 77.50 , - , 90.76 , 447.41 , 387.84 , 163.90 ," 7,690.02 "
RIAU,1405,S I A K, 676.14 , 62.69 , 75.32 ," 1,449.87 ", 454.24 , 252.51 , 383.27 , 623.51 ," 1,198.27 ", 295.24 , 48.44 , 366.76 ," 5,886.27 "
RIAU,1406,KAMPAR, 205.11 , 66.93 , 36.64 , 2.82 , 27.09 , 424.15 , 136.43 , 11.27 , 46.01 , 19.78 , 724.87 , 488.19 ," 2,189.29 "
RIAU,1407,ROKAN HULU, 57.15 , 225.89 , 284.02 , 144.33 , 4.83 , 9.66 , 5.82 , 76.95 , 258.12 , 136.57 , 15.59 , 6.56 ," 1,225.50 "
RIAU,1408,BENGKALIS, 798.46 , 248.79 , 107.61 , - , 621.09 , 147.28 , 505.19 , 39.93 , 33.84 , 22.58 , 484.07 , 571.77 ," 3,580.61 "
RIAU,1409,ROKAN HILIR, 380.18 , 909.93 ," 4,037.70 ", 496.20 , 90.76 , 532.27 , 140.19 , - , 311.91 , 792.86 , 263.21 , 214.49 ," 8,169.71 "
RIAU,1410,KEPULAUAN MERANTI, 124.52 ," 1,996.14 ", 471.84 , - , - , - , - , - , 12.03 , 4.63 , 138.77 , 179.17 ," 2,927.10 "
RIAU,1471,PEKANBARU, - , - , - , - , - , - , - , - , 2.09 , - , - , 3.00 , 5.09 
RIAU,1473,D U M A I, - ," 1,962.67 ", 290.78 , - , - , 1.90 , - , - , 602.18 , 0.13 , 52.31 , 13.38 ," 2,923.35 "
JAMBI,1501,KERINCI," 1,241.50 "," 1,429.74 "," 1,143.65 ", 939.24 ," 1,416.99 "," 1,930.85 "," 1,194.51 "," 2,352.68 ", 610.46 , 778.55 ," 1,671.49 "," 1,622.24 "," 16,331.89 "
JAMBI,1502,MERANGIN, 217.77 , 573.69 ," 1,312.86 ", 302.43 , 267.98 , 778.43 , 30.34 , 35.93 ," 1,066.66 ", 292.18 , 132.86 , 494.11 ," 5,505.23 "
JAMBI,1503,SAROLANGUN, 122.44 , 191.06 , 274.88 , 214.49 , 464.77 , 311.79 , - , 179.06 , 257.69 , 639.48 , 108.75 , 663.81 ," 3,428.21 "
JAMBI,1504,BATANG HARI, - , 57.89 , - , - , 27.20 , - , - , 571.52 ," 1,176.95 "," 2,776.59 ", 391.09 , 67.55 ," 5,068.79 "
JAMBI,1505,MUARO JAMBI, 32.12 , 465.63 , 101.14 , 505.69 , - , - , - , 536.19 , 573.19 ," 1,561.69 "," 1,258.95 ", 738.37 ," 5,772.96 "
JAMBI,1506,TANJUNG JABUNG TIMUR, 15.22 , 374.75 , 807.35 ," 2,486.88 ", 449.17 , 26.52 , - , 30.45 ," 1,371.52 ", 882.06 , 340.65 , 118.73 ," 6,903.29 "
JAMBI,1507,TANJUNG JABUNG BARAT, - , 102.23 , 718.78 , 37.44 , 128.87 ," 2,264.68 "," 1,739.22 ", 885.62 , 9.07 , - , 28.13 , 32.15 ," 5,946.20 "
JAMBI,1508,TEBO, 165.25 , - , 294.12 , 114.67 , 151.91 , 164.08 , 22.00 , 575.69 ," 1,576.41 ", 298.25 , 179.23 , 6.57 ," 3,548.18 "
JAMBI,1509,BUNGO, 417.21 , 187.66 , 231.67 , 271.39 , 649.29 , 554.59 , 158.32 , 89.18 , 252.89 , 145.91 , 370.07 , 278.85 ," 3,607.03 "
JAMBI,1571,JAMBI, - , - , - , - , - , - , - , - , 4.77 , 229.35 , 103.31 , 3.16 , 340.59 
JAMBI,1572,SUNGAI PENUH, 385.85 , 438.02 , 271.37 , 478.90 , 342.05 , 456.74 , 568.70 , 237.40 , 174.36 , 676.49 , 853.94 , 289.48 ," 5,173.30 "
SUMATERA SELATAN,1601,OGAN KOMERING ULU, - , - , 77.05 ," 1,016.70 ", 429.19 , - , 48.28 , 431.92 , 359.76 , 166.34 , 158.06 , 16.13 ," 2,703.43 "
SUMATERA SELATAN,1602,OGAN KOMERING ILIR, 149.77 ," 13,306.91 "," 19,249.64 "," 12,322.63 "," 4,796.38 "," 2,926.72 "," 4,288.60 "," 11,312.28 "," 10,909.03 "," 10,074.92 "," 4,013.90 "," 4,471.46 "," 97,822.25 "
SUMATERA SELATAN,1603,MUARA ENIM, - , - , 199.22 ," 1,041.79 ", 293.13 ," 1,422.24 "," 1,249.33 ", - ," 3,773.51 "," 4,114.91 ", 256.35 , 165.58 ," 12,516.06 "
SUMATERA SELATAN,1604,LAHAT, 788.36 ," 1,118.31 ", 779.85 ," 1,227.95 "," 1,909.65 "," 2,418.02 "," 1,349.83 ", 395.82 , 509.82 , 874.55 , 432.58 , 730.70 ," 12,535.44 "
SUMATERA SELATAN,1605,MUSI RAWAS," 3,787.19 ", 648.67 , 179.47 ," 1,930.09 "," 1,877.76 "," 3,876.67 "," 1,154.55 "," 1,516.93 ", 536.88 , 754.93 ," 1,304.81 "," 2,330.99 "," 19,898.95 "
SUMATERA SELATAN,1606,MUSI BANYUASIN, - , 224.87 ," 5,306.98 "," 8,061.76 "," 2,101.14 "," 1,040.38 "," 1,436.09 ", 577.09 ," 2,058.41 "," 3,104.85 "," 1,044.22 ", 45.35 ," 25,001.15 "
SUMATERA SELATAN,1607,BANYU ASIN, 156.23 ," 40,858.51 "," 55,629.61 "," 16,176.09 "," 4,338.89 "," 20,516.65 "," 23,660.67 "," 8,828.98 "," 7,268.93 "," 5,767.23 "," 1,856.96 ", 172.96 ," 185,231.71 "
SUMATERA SELATAN,1608,OGAN KOMERING ULU SELATAN, 396.87 , 397.90 , 470.22 ," 1,043.69 "," 1,100.90 ", 748.01 , 486.00 , 924.16 , 811.80 , 427.66 , 404.78 , 434.42 ," 7,646.40 "
SUMATERA SELATAN,1609,OGAN KOMERING ULU TIMUR, 771.29 ," 1,920.07 "," 8,247.18 "," 33,047.97 "," 6,439.18 "," 1,685.95 "," 2,205.21 "," 19,523.06 "," 25,764.59 "," 2,939.28 "," 3,461.44 "," 5,426.78 "," 111,431.99 "
SUMATERA SELATAN,1610,OGAN ILIR, - , - , - , 756.98 , 553.74 ," 1,539.34 "," 2,467.89 "," 4,111.03 "," 7,762.57 "," 2,396.04 ", 202.61 , 717.73 ," 20,507.92 "
SUMATERA SELATAN,1611,EMPAT LAWANG, 198.05 , 664.70 ," 1,137.22 "," 1,945.62 "," 1,280.64 ", 843.78 , 538.04 , 356.13 , 517.29 , 549.34 , 555.76 , 428.01 ," 9,014.59 "
SUMATERA SELATAN,1612,PENUKAL ABAB LEMATANG ILIR, 657.88 , - , 117.87 , 917.21 , 284.83 , - , - , 633.15 ," 3,283.07 ", 245.97 , 2.92 , - ," 6,142.90 "
SUMATERA SELATAN,1613,MUSI RAWAS UTARA, 165.06 , 295.43 , 75.92 , 91.26 , 49.56 , 36.18 , - , 20.28 , 33.92 , 670.77 ," 1,217.69 ", 7.32 ," 2,663.38 "
SUMATERA SELATAN,1671,PALEMBANG, - , - , - , - , - , - , - , 41.23 , 861.27 ," 1,651.90 ", 100.46 , - ," 2,654.85 "
SUMATERA SELATAN,1672,PRABUMULIH, - , 1.02 , - , 2.05 , - , - , - , - , 26.61 , 8.19 , - , 8.91 , 46.78 
SUMATERA SELATAN,1673,PAGAR ALAM, 320.19 , 131.49 , 296.55 , 387.58 , 519.04 , 259.15 , 311.02 , 271.17 , 199.28 , 416.40 , 207.52 , 354.93 ," 3,674.32 "
SUMATERA SELATAN,1674,LUBUKLINGGAU, 258.15 , 134.84 , 191.31 , 140.30 , 16.59 , 52.69 , 185.47 , 307.30 , 114.52 , 87.77 , 68.19 , 42.95 ," 1,600.08 "
BENGKULU,1701,BENGKULU SELATAN, - , - , 378.14 ," 2,102.11 "," 2,383.64 ", 840.64 , 242.23 , 34.38 , 412.88 ," 1,305.21 "," 1,643.67 ", 506.18 ," 9,849.08 "
BENGKULU,1702,REJANG LEBONG, 262.09 , 124.87 , 189.35 , 301.48 ," 1,545.13 "," 1,722.86 ", 161.66 , 401.92 , 87.80 , 158.12 , 386.79 , 765.04 ," 6,107.11 "
BENGKULU,1703,BENGKULU UTARA, 317.92 , 109.29 , 86.73 , 37.47 , 419.00 , 542.05 , 41.33 , 86.81 , 492.63 , 681.42 , 304.75 , 214.45 ," 3,333.85 "
BENGKULU,1704,KAUR, 677.56 , 220.44 , 436.40 , 850.41 ," 1,806.00 ", 337.38 , - , - , 860.57 , 763.19 , 352.90 , 236.14 ," 6,541.00 "
BENGKULU,1705,SELUMA, 283.27 , 238.12 , 633.57 , 812.00 ," 2,816.16 ", 719.70 , 432.05 , 395.60 , 849.74 ," 1,443.76 ", 876.79 , 477.95 ," 9,978.71 "
BENGKULU,1706,MUKOMUKO, 12.81 , 14.67 , - , - ," 1,310.44 "," 1,083.86 ", 56.11 , 22.87 , 384.72 ," 1,271.49 ", 489.09 , 282.26 ," 4,928.32 "
BENGKULU,1707,LEBONG, 298.43 ," 3,151.38 "," 1,963.83 ", 958.17 , 875.92 , 488.60 , 74.88 , - , 1.27 , 69.78 , 908.85 , 705.38 ," 9,496.49 "
BENGKULU,1708,KEPAHIANG, 470.36 , 308.23 , 115.27 , 312.00 , 424.30 , 434.50 , 300.74 , 305.62 , 498.12 , 325.60 , 280.02 , 195.85 ," 3,970.62 "
BENGKULU,1709,BENGKULU TENGAH, 13.70 , - , 29.98 , 33.69 , 129.29 , 160.38 , 83.59 , 88.90 , 113.60 , 62.19 , 92.70 , 7.07 , 815.09 
BENGKULU,1771,BENGKULU, - , - , 5.80 , 14.50 , 8.49 , 321.67 , 222.88 , 65.34 , 17.40 , 0.70 , 14.20 , 83.83 , 754.81 
LAMPUNG,1801,LAMPUNG BARAT, 372.99 , 874.54 ," 1,444.04 "," 2,595.46 "," 1,317.58 ", 391.94 , 755.10 , 18.43 , 767.48 ," 3,640.47 ", 877.14 , 350.09 ," 13,405.25 "
LAMPUNG,1802,TANGGAMUS," 1,207.22 ", 245.37 ," 1,527.78 "," 2,674.35 "," 4,627.73 "," 2,766.62 ", 862.64 , 633.21 ," 1,955.49 "," 3,125.21 "," 1,763.12 "," 2,554.78 "," 23,943.52 "
LAMPUNG,1803,LAMPUNG SELATAN, 147.80 , 38.46 ," 1,652.56 "," 13,117.94 "," 14,110.96 "," 2,881.14 ", 242.42 ," 1,119.23 "," 15,080.87 "," 7,020.76 "," 1,998.76 ", 473.83 ," 57,884.73 "
LAMPUNG,1804,LAMPUNG TIMUR, 705.19 , 392.20 ," 6,236.09 "," 17,580.72 "," 19,180.33 "," 7,058.55 "," 1,007.67 "," 6,894.73 "," 12,950.95 "," 11,037.42 "," 9,941.29 ", 354.38 ," 93,339.53 "
LAMPUNG,1805,LAMPUNG TENGAH, 537.54 , 994.07 ," 15,807.73 "," 28,748.45 "," 20,045.30 "," 1,441.64 "," 3,744.62 "," 14,214.88 "," 16,652.62 "," 4,524.04 ", 627.62 , 366.27 ," 107,704.78 "
LAMPUNG,1806,LAMPUNG UTARA, 28.33 , 87.20 ," 1,649.86 "," 2,915.98 "," 3,367.51 "," 1,775.05 ", 251.28 ," 1,772.50 "," 2,377.88 ", 612.33 , 64.95 , 189.68 ," 15,092.55 "
LAMPUNG,1807,WAY KANAN, - , 42.00 ," 1,770.48 "," 4,755.78 "," 2,575.02 "," 1,006.50 ", 670.46 ," 3,654.17 "," 2,545.35 "," 1,087.80 ", 758.69 ," 1,119.80 "," 19,986.05 "
LAMPUNG,1808,TULANGBAWANG, - , - , - ," 4,421.42 "," 26,672.34 "," 7,949.54 ", - , 39.47 ," 4,961.14 "," 22,216.96 "," 9,015.14 ", 68.08 ," 75,344.09 "
LAMPUNG,1809,PESAWARAN, 336.73 , 25.61 , 399.85 ," 4,643.00 "," 6,632.61 ", 282.05 , 258.90 , 149.35 ," 4,890.60 "," 3,735.63 ", 301.87 , 253.91 ," 21,910.12 "
LAMPUNG,1810,PRINGSEWU, - , - , 45.74 ," 4,631.08 "," 6,780.03 ", 542.98 , - , 336.37 ," 6,555.56 "," 3,241.10 ", 517.31 , 0.84 ," 22,651.01 "
LAMPUNG,1811,MESUJI, - , 109.68 ," 1,420.24 "," 9,136.23 "," 17,561.56 ", 173.98 , 30.11 ," 1,213.69 "," 10,366.51 "," 15,594.36 ", 767.55 , 21.32 ," 56,395.22 "
LAMPUNG,1812,TULANG BAWANG BARAT, - , - , 181.45 ," 1,160.26 "," 2,771.12 "," 2,107.78 ", 1.72 , 256.25 , 676.62 , 64.74 , 60.04 , 2.54 ," 7,282.52 "
LAMPUNG,1813,PESISIR BARAT, 11.50 , 25.03 , 571.90 ," 2,944.57 "," 2,366.03 ", 373.44 , 11.50 , 46.01 ," 3,318.45 "," 1,083.01 ", 323.65 , 15.70 ," 11,090.78 "
LAMPUNG,1871,BANDAR LAMPUNG, - , - , 4.98 , 82.46 , 163.83 , 1.28 , - , 15.37 , 218.89 , 20.26 , 23.46 , - , 530.53 
LAMPUNG,1872,METRO, - ," 2,056.02 ", 646.21 , 15.72 , - , 408.35 ," 1,095.88 ", 730.24 , 202.01 , - , - , - ," 5,154.43 "
KEPULAUAN BANGKA BELITUNG,1901,BANGKA, 459.35 , 480.17 , 40.11 , 133.33 , - , - , 23.08 , 128.87 , 371.12 , 8.60 , 94.19 , 122.85 ," 1,861.67 "
KEPULAUAN BANGKA BELITUNG,1902,BELITUNG, - , 2.67 , 94.70 , 58.41 , - , - , - , 72.79 , 34.41 , 48.58 , - , 5.31 , 316.87 
KEPULAUAN BANGKA BELITUNG,1903,BANGKA BARAT, 549.62 , 422.72 , 15.65 , - , - , 24.64 , 24.64 , 341.98 , - , 0.47 , - , 568.23 ," 1,947.95 "
KEPULAUAN BANGKA BELITUNG,1904,BANGKA TENGAH, - , - , - , 32.77 , 23.41 , - , - , - , 55.35 , 4.80 , 4.76 , - , 121.08 
KEPULAUAN BANGKA BELITUNG,1905,BANGKA SELATAN, - , - , 743.45 ," 3,363.44 "," 1,183.75 "," 1,164.29 ", - , 85.60 ," 3,439.88 ", 832.87 ," 1,678.36 ", 648.80 ," 13,140.44 "
KEPULAUAN BANGKA BELITUNG,1906,BELITUNG TIMUR, - , - , 159.61 , 325.00 , 104.88 , - , - , 54.74 , 83.90 , 64.72 , 21.37 , 0.33 , 814.55 
KEPULAUAN BANGKA BELITUNG,1971,PANGKALPINANG, - , - , - , - , - , - , - , - , - , - , - , - , - 
KEPULAUAN RIAU,2101,KARIMUN, - , - , - , - , - , - , - , - , - , - , - , - , - 
KEPULAUAN RIAU,2102,BINTAN, 1.79 , 5.37 , - , 1.79 , - , - , - , - , 3.58 , 1.79 , - , 1.79 , 16.11 
KEPULAUAN RIAU,2103,NATUNA, 9.17 , 24.45 , 16.20 , - , 1.72 , 5.72 , 1.72 , - , 2.27 , 2.27 , 1.72 , 3.45 , 68.69 
KEPULAUAN RIAU,2104,LINGGA, - , - , 6.84 , - , - , - , - , - , 7.67 , 4.56 , 2.88 , - , 21.95 
KEPULAUAN RIAU,2105,KEPULAUAN ANAMBAS, - , - , 1.88 , 1.88 , 0.94 , - , - , - , - , 0.94 , 0.94 , - , 6.58 
KEPULAUAN RIAU,2171,B A T A M, - , - , - , - , - , - , - , - , - , - , - , - , - 
KEPULAUAN RIAU,2172,TANJUNG PINANG, - , - , - , - , - , - , - , - , - , - , - , - , - 
DKI JAKARTA,3101,KEPULAUAN SERIBU, - , - , - , - , - , - , - , - , - , - , - , - , - 
DKI JAKARTA,3171,JAKARTA SELATAN, - , - , - , - , - , - , - , - , - , - , - , - , - 
DKI JAKARTA,3172,JAKARTA TIMUR, - , - , 6.78 , 2.37 , 4.75 , - , 0.51 , 2.03 , - , 11.87 , - , - , 28.31 
DKI JAKARTA,3173,JAKARTA PUSAT, - , - , - , - , - , - , - , - , - , - , - , - , - 
DKI JAKARTA,3174,JAKARTA BARAT, - , - , - , - , 1.51 , 1.51 , 18.17 , - , - , - , - , 6.06 , 27.25 
DKI JAKARTA,3175,JAKARTA UTARA, 92.24 , 18.45 , - , 73.79 , - , - , - , 166.03 , 73.79 , 18.45 , - , - , 442.75 
JAWA BARAT,3201,BOGOR," 1,664.37 "," 1,071.55 "," 10,756.72 "," 7,486.68 "," 3,414.05 "," 1,476.22 "," 3,504.04 "," 8,453.68 "," 6,015.69 "," 2,618.03 "," 2,341.77 "," 1,365.73 "," 50,168.52 "
JAWA BARAT,3202,SUKABUMI," 1,427.33 "," 1,801.19 "," 5,278.10 "," 13,360.93 "," 22,806.91 "," 4,607.86 "," 2,914.23 "," 10,462.26 "," 8,302.25 "," 5,196.63 "," 3,082.92 "," 2,371.68 "," 81,612.30 "
JAWA BARAT,3203,CIANJUR," 2,979.22 "," 2,553.93 "," 15,128.96 "," 18,698.50 "," 15,816.06 "," 4,289.09 "," 7,156.31 "," 16,805.32 "," 9,400.19 "," 4,566.78 "," 4,639.21 "," 3,272.13 "," 105,305.70 "
JAWA BARAT,3204,BANDUNG," 1,951.37 "," 1,235.95 "," 3,248.18 "," 6,810.51 "," 10,348.44 "," 2,361.49 "," 2,581.63 "," 2,721.56 "," 4,878.94 "," 7,644.77 "," 6,013.51 "," 2,151.27 "," 51,947.62 "
JAWA BARAT,3205,GARUT," 3,985.90 "," 2,737.85 "," 4,227.39 "," 11,049.24 "," 11,993.35 "," 5,760.85 "," 2,990.57 "," 7,034.70 "," 7,843.48 "," 5,712.99 "," 4,718.89 "," 3,580.46 "," 71,635.66 "
JAWA BARAT,3206,TASIKMALAYA," 3,092.02 "," 2,178.36 "," 8,118.81 "," 7,973.48 "," 9,183.34 "," 4,785.67 "," 2,668.94 "," 6,671.77 "," 7,350.67 "," 4,768.37 "," 6,122.02 "," 3,411.02 "," 66,324.47 "
JAWA BARAT,3207,CIAMIS, 441.30 , 745.09 ," 2,058.30 "," 7,340.82 "," 10,992.62 "," 4,062.36 "," 1,212.51 ", 937.81 ," 5,342.54 "," 8,080.82 "," 1,805.52 "," 1,287.44 "," 44,307.13 "
JAWA BARAT,3208,KUNINGAN," 1,290.97 ", 728.29 ," 2,176.97 "," 10,469.66 "," 6,134.64 "," 2,091.06 "," 2,635.15 "," 6,941.54 "," 4,355.29 "," 1,969.35 "," 1,227.74 "," 1,502.31 "," 41,522.97 "
JAWA BARAT,3209,CIREBON, 576.93 , 823.81 ," 2,084.28 "," 14,793.47 "," 14,640.62 "," 9,528.81 "," 5,590.74 "," 9,700.24 "," 7,582.33 "," 5,199.07 "," 9,532.10 "," 4,413.34 "," 84,465.74 "
JAWA BARAT,3210,MAJALENGKA, 954.30 , 266.15 ," 12,053.51 "," 25,338.18 "," 8,405.62 "," 3,345.93 "," 9,581.65 "," 14,474.87 "," 4,297.01 "," 3,562.95 "," 2,839.03 "," 2,101.28 "," 87,220.48 "
JAWA BARAT,3211,SUMEDANG," 1,717.29 "," 1,352.08 "," 4,747.24 "," 11,552.79 "," 4,413.44 "," 1,654.14 "," 3,989.03 "," 8,530.29 "," 2,820.97 "," 2,799.16 "," 2,275.89 "," 3,578.46 "," 49,430.79 "
JAWA BARAT,3212,INDRAMAYU, 366.47 , - ," 2,883.06 "," 34,804.81 "," 65,697.33 "," 16,921.98 "," 4,076.84 "," 4,056.70 "," 9,762.81 "," 40,459.43 "," 28,439.14 "," 5,397.62 "," 212,866.19 "
JAWA BARAT,3213,SUBANG," 1,040.78 "," 2,228.32 "," 5,692.91 "," 30,686.88 "," 33,829.69 "," 8,209.01 "," 6,459.54 "," 10,532.18 "," 13,716.35 "," 26,985.53 "," 17,988.03 "," 6,512.43 "," 163,881.64 "
JAWA BARAT,3214,PURWAKARTA, 420.80 , 334.00 ," 2,250.88 "," 7,615.78 "," 4,586.95 ", 783.85 ," 1,366.74 "," 4,856.21 "," 4,656.40 "," 1,966.97 ", 512.94 ," 1,277.65 "," 30,629.17 "
JAWA BARAT,3215,KARAWANG," 16,780.70 "," 5,623.51 "," 10,310.42 "," 10,607.87 "," 21,160.86 "," 19,961.03 "," 32,293.88 "," 8,716.15 "," 7,129.86 "," 13,669.42 "," 16,588.61 "," 20,223.15 "," 183,065.46 "
JAWA BARAT,3216,BEKASI," 2,485.64 ", 805.50 ," 6,602.66 "," 10,958.55 "," 14,003.47 "," 11,199.48 "," 8,199.80 "," 3,136.58 "," 4,765.23 "," 7,371.61 "," 9,129.21 "," 5,541.83 "," 84,199.55 "
JAWA BARAT,3217,BANDUNG BARAT," 1,055.61 ", 788.54 ," 3,044.75 "," 5,395.34 "," 2,370.93 ", 945.04 ," 3,150.21 "," 4,538.32 "," 2,220.71 "," 1,214.69 "," 1,471.75 "," 1,370.78 "," 27,566.67 "
JAWA BARAT,3218,PANGANDARAN, 157.39 , 157.39 , 704.10 ," 4,922.41 "," 7,119.42 ", 816.41 , 52.46 , 936.81 ," 3,255.32 "," 5,250.90 ", 641.81 , 117.13 ," 24,131.55 "
JAWA BARAT,3271,BOGOR, 1.29 , 3.86 , 2.58 , 6.44 , 1.29 , - , 1.29 , 2.58 , 1.29 , 1.29 , 5.15 , 1.29 , 28.35 
JAWA BARAT,3272,SUKABUMI, 38.37 , 25.71 , 316.27 , 379.35 , 252.29 , 61.77 , 92.37 , 372.58 , 479.72 , 116.88 , 51.97 , 150.07 ," 2,337.35 "
JAWA BARAT,3273,BANDUNG, 1.72 , 10.39 , 100.44 , 76.47 , 217.32 , 56.67 , 17.68 , 49.92 , 110.73 , 140.25 , 136.58 , 22.67 , 940.85 
JAWA BARAT,3274,CIREBON, 10.90 , - , - , 13.40 , 46.30 , - , - , - , 29.21 , - , - , - , 99.81 
JAWA BARAT,3275,BEKASI, - , - , - , - , 2.35 , 87.86 , 7.04 , - , 45.30 , 104.16 , 24.62 , 11.34 , 282.68 
JAWA BARAT,3276,DEPOK, - , - , - , - , 2.91 , - , - , - , - , 2.91 , - , - , 5.82 
JAWA BARAT,3277,CIMAHI, 5.67 , 5.68 , - , 2.84 , 17.02 , 5.68 , 5.68 , - , 8.51 , 11.34 , 5.67 , 2.84 , 70.93 
JAWA BARAT,3278,TASIKMALAYA, - , 129.74 , 158.54 ," 1,051.92 "," 1,627.99 ", 465.36 , 285.17 , 177.92 , 864.99 ," 1,003.39 ", 597.93 , 169.69 ," 6,532.64 "
JAWA BARAT,3279,BANJAR, 46.84 , - , 335.51 , 728.28 ," 1,605.66 ", 152.35 , - , - , 904.36 ," 1,004.15 ", 4.13 , 0.76 ," 4,782.04 "
JAWA TENGAH,3301,CILACAP," 1,037.73 ", 695.54 ," 7,094.75 "," 30,229.88 "," 16,621.30 "," 3,008.18 "," 2,012.26 "," 7,733.82 "," 23,598.23 "," 9,756.89 "," 2,509.34 "," 2,048.84 "," 106,346.75 "
JAWA TENGAH,3302,BANYUMAS, 412.72 ," 1,056.00 "," 3,254.36 "," 13,670.14 "," 5,705.78 ", 941.38 , 522.91 ," 3,610.21 "," 8,706.49 "," 5,473.85 "," 1,347.07 ", 413.08 ," 45,113.99 "
JAWA TENGAH,3303,PURBALINGGA," 1,010.72 ", 728.07 ," 1,061.23 "," 3,693.96 "," 3,541.45 "," 3,241.16 "," 1,329.51 "," 2,331.53 "," 2,010.54 "," 2,278.77 "," 2,420.32 "," 1,661.06 "," 25,308.33 "
JAWA TENGAH,3304,BANJARNEGARA, 470.77 , 169.02 , 918.14 ," 4,682.78 "," 2,434.93 ", 984.04 , 695.57 ," 1,014.56 "," 3,121.66 "," 2,538.59 ", 448.09 , 638.73 ," 18,116.88 "
JAWA TENGAH,3305,KEBUMEN, - , 148.74 ," 10,960.69 "," 22,126.46 "," 5,857.68 "," 1,786.05 ", 447.06 ," 21,537.94 "," 9,149.57 ", 228.14 , 7.74 , 88.21 ," 72,338.28 "
JAWA TENGAH,3306,PURWOREJO, 239.05 , 526.48 ," 8,732.04 "," 11,300.72 "," 4,008.23 "," 1,740.44 "," 2,368.11 "," 14,208.27 "," 4,973.05 "," 2,263.50 ", 926.38 , 591.80 ," 51,878.07 "
JAWA TENGAH,3307,WONOSOBO, 580.49 , 603.91 , 590.60 ," 2,002.61 "," 1,834.18 "," 1,206.12 ", 777.30 , 739.26 , 915.11 ," 1,247.56 ", 759.15 , 680.11 ," 11,936.39 "
JAWA TENGAH,3308,MAGELANG," 1,220.19 "," 1,061.23 "," 2,770.35 "," 4,268.35 "," 3,889.41 "," 2,007.54 "," 2,798.87 "," 3,284.55 "," 2,611.26 "," 2,233.16 "," 2,010.54 "," 1,782.64 "," 29,938.09 "
JAWA TENGAH,3309,BOYOLALI," 1,206.09 "," 3,035.57 "," 11,740.95 "," 4,372.35 "," 3,056.45 "," 8,304.50 "," 7,177.41 "," 2,481.50 "," 1,565.98 "," 2,477.77 "," 3,796.93 "," 1,045.99 "," 50,261.49 "
JAWA TENGAH,3310,KLATEN," 2,652.25 "," 1,656.88 "," 5,148.39 "," 10,987.99 "," 6,831.64 "," 3,042.45 "," 4,687.55 "," 8,011.51 "," 3,924.50 "," 2,846.01 "," 2,232.57 "," 2,197.66 "," 54,219.39 "
JAWA TENGAH,3311,SUKOHARJO, 634.47 , 369.69 , 513.78 ," 3,880.46 "," 9,623.30 "," 6,622.21 ", 328.73 ," 3,018.22 "," 5,505.00 "," 8,869.83 "," 2,550.56 ", 524.27 ," 42,440.52 "
JAWA TENGAH,3312,WONOGIRI, 290.45 , 392.00 ," 7,389.54 "," 16,001.69 "," 8,377.23 "," 1,971.80 "," 7,392.38 "," 6,865.94 ", 867.28 ," 1,317.62 "," 2,997.16 "," 1,050.58 "," 54,913.68 "
JAWA TENGAH,3313,KARANGANYAR, 848.86 , 481.05 ," 6,892.47 "," 7,525.48 "," 1,046.83 "," 1,261.52 "," 7,952.14 "," 6,130.03 ", 506.62 ," 1,598.33 "," 4,347.14 "," 4,080.65 "," 42,671.12 "
JAWA TENGAH,3314,SRAGEN, 189.86 ," 11,562.78 "," 25,751.39 "," 3,572.34 ", 580.82 ," 20,874.53 "," 18,444.90 "," 1,239.35 ", 516.50 ," 17,080.59 "," 11,112.28 ", 768.74 ," 111,694.08 "
JAWA TENGAH,3315,GROBOGAN," 1,688.89 "," 12,915.61 "," 30,400.18 "," 22,160.12 "," 4,033.55 "," 16,153.80 "," 21,852.19 "," 7,086.48 "," 2,628.26 ", 79.77 , 66.04 , 2.71 ," 119,067.60 "
JAWA TENGAH,3316,BLORA, - ," 3,814.14 "," 18,674.88 "," 21,894.55 "," 11,712.86 "," 12,610.88 "," 9,907.19 "," 1,310.82 ", 3.32 ," 1,655.56 "," 2,321.73 ", 940.43 ," 84,846.36 "
JAWA TENGAH,3317,REMBANG, - , 230.82 ," 3,902.36 "," 9,608.04 "," 6,493.98 "," 2,582.51 "," 3,540.66 ", 831.36 , 49.32 , 49.58 , 123.36 , 609.05 ," 28,021.04 "
JAWA TENGAH,3318,PATI," 2,066.78 "," 5,997.42 "," 23,851.94 "," 13,146.62 "," 3,837.11 "," 14,265.61 "," 11,507.77 "," 11,152.79 "," 1,644.29 "," 2,142.52 "," 3,622.18 "," 3,302.12 "," 96,537.15 "
JAWA TENGAH,3319,KUDUS," 1,574.82 "," 2,900.13 "," 2,694.41 "," 3,679.53 "," 1,149.44 "," 2,583.57 "," 4,366.57 "," 4,280.66 "," 2,845.84 "," 1,780.10 ", 924.73 ," 1,416.26 "," 30,196.06 "
JAWA TENGAH,3320,JEPARA, 640.57 , 218.05 ," 2,382.86 "," 12,249.23 "," 4,680.12 ", 66.87 ," 3,246.39 "," 8,438.02 "," 3,847.26 ", 155.23 ," 1,080.84 "," 1,968.19 "," 38,973.62 "
JAWA TENGAH,3321,DEMAK," 2,427.51 "," 13,537.53 "," 23,503.46 "," 10,903.68 ", 525.83 ," 6,367.74 "," 29,037.11 "," 11,213.63 "," 1,200.10 ", 807.24 , 248.44 , 539.08 ," 100,311.34 "
JAWA TENGAH,3322,SEMARANG, 901.60 ," 1,350.18 "," 2,396.28 "," 3,403.18 "," 2,398.39 "," 3,221.27 "," 3,513.50 "," 3,265.54 "," 1,961.81 "," 1,132.56 ", 541.79 ," 1,859.97 "," 25,946.07 "
JAWA TENGAH,3323,TEMANGGUNG, 382.43 , 165.81 , 917.94 ," 1,385.66 "," 1,251.31 "," 1,127.18 "," 1,109.13 ", 182.37 , 299.36 , 488.17 , 199.80 , 337.14 ," 7,846.30 "
JAWA TENGAH,3324,KENDAL, 376.64 ," 2,174.12 "," 4,206.38 "," 5,675.54 "," 2,451.81 "," 1,088.87 ", 549.74 ," 2,862.02 "," 6,040.53 "," 2,889.78 ", 692.03 , 181.04 ," 29,188.50 "
JAWA TENGAH,3325,BATANG," 1,098.91 "," 1,595.99 "," 1,730.91 "," 4,799.06 "," 2,339.59 ", 895.50 ," 1,237.25 "," 2,586.38 "," 4,183.00 "," 2,090.34 "," 1,181.70 "," 1,798.00 "," 25,536.62 "
JAWA TENGAH,3326,PEKALONGAN, 687.58 , 489.77 ," 1,798.57 "," 9,510.67 "," 5,317.13 ", 804.24 ," 1,335.70 "," 5,034.50 "," 8,957.00 "," 1,713.38 ", 537.20 ," 1,090.03 "," 37,275.76 "
JAWA TENGAH,3327,PEMALANG," 2,991.01 ", 821.68 ," 6,505.17 "," 17,337.81 "," 4,366.65 "," 2,332.91 "," 3,192.24 "," 17,728.81 "," 6,496.14 "," 2,403.68 "," 2,645.89 "," 7,010.13 "," 73,832.13 "
JAWA TENGAH,3328,TEGAL, 953.01 , 340.12 ," 6,597.00 "," 12,774.67 "," 7,284.93 "," 2,361.18 "," 4,711.58 "," 11,467.49 "," 5,858.11 "," 1,553.04 "," 2,052.37 "," 2,617.93 "," 58,571.44 "
JAWA TENGAH,3329,BREBES, 932.13 ," 1,208.59 "," 10,387.44 "," 18,535.28 "," 9,608.40 "," 4,958.24 "," 10,723.30 "," 9,607.86 "," 2,888.45 "," 2,283.72 "," 3,848.47 "," 1,206.72 "," 76,188.60 "
JAWA TENGAH,3371,MAGELANG, 10.10 , 3.47 , 1.59 , 7.87 , 14.48 , 21.41 , 13.57 , - , 1.59 , 6.31 , 9.75 , 15.13 , 105.27 
JAWA TENGAH,3372,SURAKARTA, 0.99 , 0.99 , 3.21 , 1.98 , 2.97 , 3.21 , - , 2.97 , 1.98 , 5.19 , 0.99 , 3.96 , 28.44 
JAWA TENGAH,3373,SALATIGA, 21.95 , 24.24 , 76.62 , 34.67 , 64.20 , 40.97 , 86.01 , 61.77 , 41.18 , 38.45 , 83.72 , 30.20 , 603.98 
JAWA TENGAH,3374,SEMARANG, 86.73 , 37.61 , 239.56 , 359.91 , 524.17 , 125.69 , 63.46 , 149.21 , 449.31 , 445.85 , 47.85 , 52.55 ," 2,581.90 "
JAWA TENGAH,3375,PEKALONGAN, - , - , - , 484.08 , 188.41 , 4.95 , - , - , 525.13 , 157.01 , - , - ," 1,359.58 "
JAWA TENGAH,3376,TEGAL, 16.83 , 4.21 , 22.65 , 158.55 , 112.07 , 11.32 , - , 101.92 , 115.03 , 39.75 , - , - , 582.33 
DI YOGYAKARTA,3401,KULON PROGO," 2,405.48 ", 841.65 ," 1,564.22 "," 1,363.81 "," 3,894.35 "," 1,844.87 "," 1,947.21 "," 1,507.93 "," 1,335.54 ", 202.96 , 0.19 , 40.26 ," 16,948.46 "
DI YOGYAKARTA,3402,BANTUL," 1,524.75 "," 1,338.45 "," 1,659.35 "," 3,667.27 "," 3,793.93 "," 1,747.35 "," 1,722.96 "," 1,878.20 "," 1,772.71 "," 1,006.06 ", 840.39 , 356.72 ," 21,308.15 "
DI YOGYAKARTA,3403,GUNUNG KIDUL, 28.79 , 183.29 ," 6,620.83 "," 21,811.51 "," 1,248.20 ", 232.58 ," 5,712.82 ", 605.19 , 29.10 , 212.31 , 550.54 , 32.97 ," 37,268.13 "
DI YOGYAKARTA,3404,SLEMAN, 308.00 , 474.25 ," 1,826.10 "," 3,967.10 "," 2,660.24 "," 1,873.97 "," 1,543.47 "," 2,969.88 "," 1,489.28 "," 1,514.78 "," 1,692.76 "," 1,120.15 "," 21,439.97 "
DI YOGYAKARTA,3471,YOGYAKARTA, 3.54 , - , - , - , 2.36 , 1.18 , - , - , - , 2.36 , 1.18 , 0.81 , 11.43 
JAWA TIMUR,3501,PACITAN, 61.91 , 44.17 ," 2,540.48 "," 5,009.70 "," 3,330.43 ", 649.14 , 414.22 ," 1,450.87 ", 442.16 , 203.60 , 71.53 , 384.64 ," 14,602.85 "
JAWA TIMUR,3502,PONOROGO," 2,952.86 ", 158.58 ," 7,142.08 "," 16,753.16 "," 4,675.30 "," 2,501.67 "," 8,212.47 "," 9,646.08 "," 3,729.04 ", 475.47 ," 1,096.45 "," 6,052.44 "," 63,395.60 "
JAWA TIMUR,3503,TRENGGALEK, 317.75 , 67.77 ," 1,069.77 "," 4,599.55 "," 3,090.94 "," 1,067.00 "," 1,272.62 "," 3,643.84 ", 839.97 ," 1,005.75 ", 542.15 , 722.34 ," 18,239.46 "
JAWA TIMUR,3504,TULUNGAGUNG," 1,286.68 "," 1,201.97 ", 766.34 ," 6,294.13 "," 6,795.19 "," 4,488.76 "," 1,278.36 "," 4,130.49 "," 2,451.33 "," 3,196.60 "," 1,812.32 ", 465.82 ," 34,167.99 "
JAWA TIMUR,3505,BLITAR, 682.25 , 636.75 ," 1,843.64 "," 5,976.40 "," 10,138.61 "," 3,261.73 ", 908.17 ," 1,360.62 "," 1,825.01 "," 1,614.52 "," 1,863.30 ", 678.76 ," 30,789.76 "
JAWA TIMUR,3506,KEDIRI, 789.56 ," 1,174.64 "," 6,157.61 "," 7,525.11 "," 2,051.03 ", 982.64 ," 4,494.63 "," 3,477.60 "," 1,146.19 ", 603.74 , 892.64 ," 1,201.18 "," 30,496.57 "
JAWA TIMUR,3507,MALANG," 2,942.41 "," 1,574.76 "," 2,136.43 "," 3,754.71 "," 6,612.66 "," 6,777.51 "," 4,546.31 "," 2,244.35 "," 1,786.84 "," 3,095.38 "," 3,157.45 "," 2,391.15 "," 41,019.97 "
JAWA TIMUR,3508,LUMAJANG," 2,837.91 "," 2,220.76 "," 3,491.89 "," 7,309.90 "," 6,560.67 "," 4,472.08 "," 3,434.27 "," 5,222.14 "," 4,071.20 "," 2,339.43 "," 2,988.46 "," 2,605.16 "," 47,553.88 "
JAWA TIMUR,3509,JEMBER," 5,977.74 "," 7,058.58 "," 10,608.90 "," 28,316.86 "," 14,203.22 "," 8,846.91 "," 6,924.01 "," 16,919.04 "," 9,189.42 "," 5,378.94 "," 3,502.54 "," 3,143.25 "," 120,069.41 "
JAWA TIMUR,3510,BANYUWANGI," 3,431.66 "," 2,221.26 "," 3,874.61 "," 12,780.49 "," 10,069.29 "," 3,908.26 "," 1,650.90 "," 4,141.90 "," 10,063.97 "," 8,722.35 "," 4,118.18 "," 2,257.69 "," 67,240.56 "
JAWA TIMUR,3511,BONDOWOSO," 2,471.54 "," 3,972.11 "," 6,756.95 "," 7,005.38 "," 6,435.97 "," 6,549.46 "," 4,663.58 "," 3,370.32 "," 2,142.53 "," 2,587.20 "," 2,413.39 "," 2,241.19 "," 50,609.62 "
JAWA TIMUR,3512,SITUBONDO," 1,404.05 "," 2,945.29 "," 5,177.42 "," 5,090.52 "," 2,862.35 "," 1,796.27 "," 3,298.95 "," 2,508.35 "," 1,378.38 "," 1,096.17 "," 1,429.64 ", 947.68 ," 29,935.08 "
JAWA TIMUR,3513,PROBOLINGGO," 1,118.52 "," 1,336.50 "," 2,642.77 "," 10,027.90 "," 7,479.70 "," 2,526.90 "," 1,669.77 "," 1,607.44 "," 2,546.20 ", 660.17 , 744.52 , 817.56 ," 33,177.95 "
JAWA TIMUR,3514,PASURUAN," 2,687.56 "," 2,808.87 "," 4,361.17 "," 9,260.82 "," 6,487.81 "," 3,892.71 "," 3,985.31 "," 5,005.54 "," 3,317.04 "," 3,718.47 "," 3,847.33 "," 1,714.36 "," 51,087.00 "
JAWA TIMUR,3515,SIDOARJO, 798.17 , 565.94 ," 1,000.79 "," 4,952.10 "," 5,611.00 "," 3,411.22 "," 1,700.50 "," 1,205.75 "," 4,284.13 "," 4,494.82 "," 3,366.17 ", 709.52 ," 32,100.11 "
JAWA TIMUR,3516,MOJOKERTO, 933.31 , 721.34 ," 4,877.72 "," 13,398.61 "," 6,718.21 "," 2,422.29 "," 3,794.95 "," 4,707.88 "," 4,659.73 "," 2,725.28 "," 1,630.51 ", 706.23 ," 47,296.06 "
JAWA TIMUR,3517,JOMBANG, 900.65 , 230.26 ," 5,503.27 "," 17,728.48 "," 6,218.64 ", 528.28 ," 4,642.62 "," 8,084.13 "," 6,383.71 "," 2,132.58 ", 639.40 ," 2,377.44 "," 55,369.46 "
JAWA TIMUR,3518,NGANJUK, 744.71 ," 1,683.45 "," 15,164.16 "," 13,200.42 "," 5,051.06 "," 6,348.31 "," 13,458.67 "," 4,608.65 "," 2,063.51 "," 2,521.16 "," 2,782.78 "," 2,058.69 "," 69,685.57 "
JAWA TIMUR,3519,MADIUN," 1,379.16 "," 1,481.14 "," 6,614.95 "," 16,489.04 "," 2,438.90 "," 1,592.74 "," 8,139.16 "," 14,922.60 "," 2,320.74 "," 1,585.98 "," 7,266.35 "," 9,189.17 "," 73,419.94 "
JAWA TIMUR,3520,MAGETAN, 127.07 ," 1,141.31 "," 10,660.69 "," 5,284.36 ", 954.40 ," 6,000.14 "," 6,713.83 "," 3,647.08 ", 107.06 ," 1,853.36 "," 4,007.91 "," 2,907.40 "," 43,404.62 "
JAWA TIMUR,3521,NGAWI," 2,113.00 "," 1,758.77 "," 19,484.39 "," 21,334.29 "," 2,514.60 "," 4,062.77 "," 20,068.05 "," 16,604.33 "," 4,139.23 "," 4,550.75 "," 15,913.24 "," 10,532.25 "," 123,075.68 "
JAWA TIMUR,3522,BOJONEGORO," 2,737.14 "," 7,175.29 "," 21,186.21 "," 31,243.42 "," 11,063.63 "," 17,625.74 "," 15,475.15 "," 7,374.47 "," 4,734.37 "," 4,903.54 "," 4,952.77 "," 2,748.83 "," 131,220.56 "
JAWA TIMUR,3523,TUBAN," 7,198.12 "," 7,556.70 "," 8,425.78 "," 16,679.84 "," 11,109.07 "," 5,072.70 "," 6,577.89 "," 3,748.72 "," 7,940.75 "," 7,455.43 "," 1,771.56 ", 675.14 ," 84,211.69 "
JAWA TIMUR,3524,LAMONGAN, 643.27 ," 1,192.74 "," 28,819.97 "," 27,996.74 "," 5,997.73 "," 12,835.97 "," 15,400.08 "," 16,666.98 "," 16,950.48 "," 3,326.39 ", 228.27 , 611.80 ," 130,670.42 "
JAWA TIMUR,3525,GRESIK, 119.91 ," 1,278.44 "," 13,442.50 "," 13,533.63 "," 3,035.84 "," 5,261.39 "," 6,462.98 "," 1,954.62 "," 2,775.37 "," 3,851.87 "," 2,214.63 ", 126.27 ," 54,057.45 "
JAWA TIMUR,3526,BANGKALAN, - , 377.65 ," 11,376.25 "," 10,829.68 "," 2,085.39 "," 1,064.92 "," 6,867.51 "," 4,424.24 ", 995.11 , 707.36 , 161.66 , 664.79 ," 39,554.55 "
JAWA TIMUR,3527,SAMPANG, - , - ," 10,884.01 "," 12,401.16 "," 1,569.80 "," 1,927.20 "," 5,377.53 ", 848.33 , - , - , 60.26 , 0.64 ," 33,068.93 "
JAWA TIMUR,3528,PAMEKASAN, - , - ," 3,769.63 "," 13,869.09 "," 1,851.33 ", 61.56 , 83.46 , - , 1.12 , - , 1.19 , 0.24 ," 19,637.62 "
JAWA TIMUR,3529,SUMENEP, 24.69 , 266.67 ," 7,768.99 "," 18,057.38 "," 3,530.11 ", 632.53 ," 2,379.24 "," 3,030.11 "," 1,005.54 ", 0.00 , 61.57 , 4.64 ," 36,761.47 "
JAWA TIMUR,3571,KEDIRI, 35.82 , - , 47.26 , 217.97 , 429.46 , 29.35 , - , 264.72 , 224.95 , 24.89 , - , 53.73 ," 1,328.15 "
JAWA TIMUR,3572,BLITAR, - , - , - , 54.82 , 235.33 , 85.17 , 21.22 , 57.55 , 107.58 , 12.37 , - , - , 574.04 
JAWA TIMUR,3573,MALANG, 123.88 , 9.57 , 121.82 , 112.73 , 149.66 , 243.16 , 140.53 , 55.88 , 64.73 , 136.86 , 206.43 , 245.66 ," 1,610.91 "
JAWA TIMUR,3574,PROBOLINGGO, 21.21 , - , 83.24 , 730.08 , 383.39 , 59.68 , - , 18.86 , 78.54 , 15.27 , 0.65 , 0.16 ," 1,391.07 "
JAWA TIMUR,3575,PASURUAN, 94.53 , 225.42 , 130.22 , 118.98 , 43.60 , 173.04 , 125.31 , 163.50 , 132.36 , 36.06 , 293.07 , 38.80 ," 1,574.89 "
JAWA TIMUR,3576,MOJOKERTO, 16.23 , 37.08 , 18.54 , 24.72 , 205.18 , - , - , - , 168.86 , 81.90 , 18.55 , 0.04 , 571.10 
JAWA TIMUR,3577,MADIUN, 12.10 , - , 152.52 , 592.54 , 42.33 , - , 142.61 , 620.60 , 18.14 , - , 252.46 , 356.78 ," 2,190.08 "
JAWA TIMUR,3578,SURABAYA, 50.24 , 8.91 , 98.86 , 649.82 , 124.37 , 39.85 , 43.50 , 80.77 , 125.30 , 40.25 , 54.32 , 5.56 ," 1,321.75 "
JAWA TIMUR,3579,BATU, 90.23 , 41.65 , 6.94 , 13.88 , 73.55 , 65.24 , 104.11 , 13.88 , 13.88 , 6.94 , 6.94 , 66.01 , 503.25 
BANTEN,3601,PANDEGLANG, 809.57 ," 1,332.82 "," 3,030.94 "," 17,487.11 "," 17,240.57 "," 1,830.88 "," 2,023.15 "," 19,758.21 "," 8,762.18 "," 3,005.86 "," 1,147.07 "," 1,037.84 "," 77,466.21 "
BANTEN,3602,LEBAK, 487.43 ," 3,992.39 "," 7,826.48 "," 9,245.59 "," 13,596.51 "," 2,122.75 "," 2,314.80 "," 15,652.14 "," 11,762.25 "," 4,827.83 "," 1,591.04 ", 596.96 ," 74,016.18 "
BANTEN,3603,TANGERANG, 590.05 , 990.78 ," 3,981.29 "," 15,009.12 "," 7,537.03 "," 1,944.23 ", 580.17 ," 4,910.52 "," 14,812.93 "," 6,192.68 "," 1,331.27 ", 486.11 ," 58,366.18 "
BANTEN,3604,SERANG, 520.79 ," 1,263.71 "," 7,029.18 "," 17,576.47 "," 10,442.46 "," 2,876.97 "," 1,026.43 "," 5,003.59 "," 18,239.99 "," 8,998.47 "," 1,761.51 "," 1,247.91 "," 75,987.48 "
BANTEN,3671,TANGERANG, 8.68 , 11.77 , 78.06 , 71.95 , 37.01 , - , 24.63 , 50.65 , 129.14 , 18.63 , 5.06 , - , 435.58 
BANTEN,3672,CILEGON, 8.74 , 58.89 , 133.85 , 379.04 , 363.71 , 86.15 , 89.24 , 52.83 , 331.00 , 165.70 , 49.72 , 90.17 ," 1,809.05 "
BANTEN,3673,SERANG, 109.04 , - ," 1,295.01 "," 3,315.72 ", 709.88 , 31.78 , - , 540.37 ," 4,507.68 ", 431.58 , 63.51 , 5.55 ," 11,010.11 "
BANTEN,3674,TANGERANG SELATAN, - , - , - , - , - , - , - , - , - , - , - , - , - 
BALI,5101,JEMBRANA, 131.08 , 78.97 , 663.06 ," 1,159.99 ", 922.99 ," 1,614.83 ", 962.09 , 518.57 , 835.53 ," 1,380.07 ", 469.30 , 138.11 ," 8,874.59 "
BALI,5102,TABANAN," 2,497.81 "," 1,568.72 "," 1,214.30 "," 2,038.77 "," 3,310.43 "," 4,491.42 "," 2,233.86 "," 1,329.51 "," 1,001.96 "," 2,784.88 "," 1,971.93 "," 2,462.79 "," 26,906.39 "
BALI,5103,BADUNG, 476.58 , 499.11 ," 2,191.25 "," 1,144.25 "," 2,332.93 ", 789.91 , 405.86 , 817.41 ," 1,736.82 "," 2,117.73 "," 1,224.40 ", 276.41 ," 14,012.66 "
BALI,5104,GIANYAR," 2,368.35 ", 729.11 , 886.13 ," 1,081.76 "," 2,940.16 "," 2,774.87 "," 1,493.30 "," 1,335.35 ", 729.95 ," 1,060.89 "," 1,635.33 "," 1,792.50 "," 18,827.70 "
BALI,5105,KLUNGKUNG, 720.04 , - , 204.29 , 187.50 , 288.25 , 419.82 , 444.98 , 393.20 , 218.27 , 588.47 , 232.29 , 260.30 ," 3,957.41 "
BALI,5106,BANGLI, 403.25 , 182.92 , 171.23 , 252.35 , 209.53 , 480.68 , 223.38 , 449.79 , 366.61 , 431.66 , 140.20 , 107.66 ," 3,419.26 "
BALI,5107,KARANGASEM, 712.61 , 265.64 , 161.26 , 423.19 ," 2,401.94 ", 738.36 , 166.85 , 256.14 , 518.65 , 470.32 ," 1,187.92 ", 698.10 ," 8,000.98 "
BALI,5108,BULELENG," 1,363.32 ", 264.46 ," 1,085.99 "," 1,976.41 "," 3,142.89 ", 913.60 , 820.49 ," 2,459.62 "," 1,682.49 "," 1,452.81 ", 560.68 , 618.43 ," 16,341.20 "
BALI,5171,DENPASAR, - , - , 332.48 , 381.20 , 951.26 , 112.52 , - , 22.32 , 362.88 , 293.69 , 708.65 , 298.73 ," 3,463.74 "
NUSA TENGGARA BARAT,5201,LOMBOK BARAT, 789.93 ," 1,584.73 "," 4,172.47 "," 6,198.31 "," 1,469.93 "," 1,912.18 "," 2,148.84 "," 1,678.36 "," 1,155.90 "," 2,177.88 ", 417.27 ," 1,153.71 "," 24,859.51 "
NUSA TENGGARA BARAT,5202,LOMBOK TENGAH, 774.91 , 997.90 ," 13,448.58 "," 23,442.79 "," 5,819.07 "," 3,397.94 "," 9,739.14 "," 8,231.50 ", 655.28 ," 1,123.91 "," 1,474.80 "," 1,672.05 "," 70,777.87 "
NUSA TENGGARA BARAT,5203,LOMBOK TIMUR," 1,162.03 "," 1,554.39 "," 5,494.54 "," 15,201.66 "," 6,968.58 "," 2,964.54 "," 3,455.77 "," 3,859.39 "," 1,133.67 "," 1,525.20 "," 1,661.27 "," 2,409.34 "," 47,390.38 "
NUSA TENGGARA BARAT,5204,SUMBAWA," 1,115.20 ", 791.48 ," 2,720.84 "," 7,744.72 "," 21,300.30 "," 8,212.68 "," 1,863.71 "," 1,767.02 "," 2,881.94 "," 3,431.72 "," 1,174.25 ", 467.05 ," 53,470.91 "
NUSA TENGGARA BARAT,5205,DOMPU, 490.82 , 765.78 ," 3,387.78 "," 5,019.07 "," 4,343.24 ", 576.75 ," 2,808.54 "," 1,551.04 ", 781.07 , 566.49 , 913.84 , 520.47 ," 21,724.89 "
NUSA TENGGARA BARAT,5206,BIMA, 688.36 , 677.71 ," 4,156.38 "," 9,149.10 "," 10,615.29 "," 3,111.85 "," 2,671.31 "," 2,600.59 "," 2,225.90 "," 2,458.22 "," 2,719.40 "," 1,127.71 "," 42,201.82 "
NUSA TENGGARA BARAT,5207,SUMBAWA BARAT, - , 27.58 , 664.92 ," 3,039.71 "," 1,357.06 ", 104.23 , 576.14 ," 2,211.56 ", 942.92 , 106.02 , 347.91 ," 1,166.58 "," 10,544.63 "
NUSA TENGGARA BARAT,5208,LOMBOK UTARA, 788.08 , 103.69 , 188.65 , 916.54 ," 1,998.03 ", 828.34 , 27.82 , 33.70 , 527.72 , 327.35 , 0.70 , 329.75 ," 6,070.36 "
NUSA TENGGARA BARAT,5271,MATARAM, 161.60 , 342.31 , 123.32 , 186.79 , 218.89 , 298.94 , 68.03 , 237.95 , 147.26 , 346.70 , 39.05 , 168.08 ," 2,338.93 "
NUSA TENGGARA BARAT,5272,BIMA, - , 157.07 , 430.43 , 378.00 , 88.38 , 119.19 , 386.59 , 257.98 , 73.51 , 140.53 , 165.84 , 141.02 ," 2,338.53 "
NUSA TENGGARA TIMUR,5301,SUMBA BARAT, 171.27 , 87.18 , 126.64 , 463.21 ," 1,147.41 "," 2,444.76 ", 374.93 , 393.41 , 304.02 , 361.52 , 430.77 , 45.82 ," 6,350.94 "
NUSA TENGGARA TIMUR,5302,SUMBA TIMUR, 131.53 , 42.60 , 249.48 , 487.76 ," 2,131.72 "," 3,696.53 "," 3,605.49 ", 856.53 , 308.15 , 464.47 , 778.22 , 756.86 ," 13,509.34 "
NUSA TENGGARA TIMUR,5303,KUPANG, 145.83 , - , 50.27 ," 1,175.82 "," 4,930.40 "," 2,822.29 "," 1,182.66 ", 135.66 , 11.91 , 177.63 ," 1,203.16 ", 672.60 ," 12,508.23 "
NUSA TENGGARA TIMUR,5304,TIMOR TENGAH SELATAN, 170.81 , 47.70 , 36.34 , 94.59 , 405.15 ," 1,157.56 ", 341.85 , 167.70 , 23.45 , 89.71 , 347.70 , 526.94 ," 3,409.50 "
NUSA TENGGARA TIMUR,5305,TIMOR TENGAH UTARA, 980.75 , 136.08 , 52.89 , 369.50 ," 1,418.97 "," 2,719.12 "," 1,722.10 ", 662.58 , 279.37 , 552.04 , 564.78 , 427.46 ," 9,885.64 "
NUSA TENGGARA TIMUR,5306,BELU, - , - , - , 360.25 ," 2,153.01 ", 930.52 , 85.14 , 2.50 , - , 136.44 , 18.99 , 69.81 ," 3,756.66 "
NUSA TENGGARA TIMUR,5307,ALOR, 25.70 , 16.24 , 28.71 , 243.57 , 458.51 , 7.50 , 43.96 , 31.60 , 36.89 , 24.26 , 51.67 , 67.49 ," 1,036.10 "
NUSA TENGGARA TIMUR,5308,LEMBATA, - , - , - , 219.37 , 21.94 , - , - , - , 3.95 , 10.87 , - , - , 256.13 
NUSA TENGGARA TIMUR,5309,FLORES TIMUR, - , 5.96 , 18.52 , 694.26 ," 1,254.03 ", 237.75 , 133.97 , 125.07 , 5.75 , 46.02 , 11.80 , - ," 2,533.13 "
NUSA TENGGARA TIMUR,5310,SIKKA, 186.71 , 53.07 , 64.62 , 46.43 ," 1,343.25 ", 804.48 , 75.26 , 57.04 , 178.96 , 305.98 , 111.86 , 199.90 ," 3,427.56 "
NUSA TENGGARA TIMUR,5311,ENDE, 244.70 , 36.45 , 436.62 , 474.17 , 681.93 ," 1,156.73 ", 549.93 , 320.76 , 237.68 , 370.82 , 457.39 , 81.09 ," 5,048.27 "
NUSA TENGGARA TIMUR,5312,NGADA, 496.35 , 194.78 , 579.73 ," 1,851.33 "," 1,747.01 "," 2,081.95 ", 490.26 , 62.93 , 587.47 , 348.09 , 392.78 , 537.41 ," 9,370.09 "
NUSA TENGGARA TIMUR,5313,MANGGARAI, 513.01 ," 1,076.24 "," 1,112.81 "," 1,071.96 "," 4,430.84 "," 2,007.77 "," 1,422.00 ", 664.93 , 785.86 ," 1,250.92 "," 2,394.56 "," 1,335.18 "," 18,066.08 "
NUSA TENGGARA TIMUR,5314,ROTE NDAO, - , - , - , 925.39 ," 3,285.45 "," 1,420.85 ", - , 33.76 , - , 735.00 , 511.52 , 7.67 ," 6,919.65 "
NUSA TENGGARA TIMUR,5315,MANGGARAI BARAT, 930.65 , 318.65 ," 1,611.00 "," 4,967.37 "," 5,973.66 "," 1,435.03 "," 2,221.09 ", 927.42 ," 1,987.47 "," 2,635.33 ", 352.07 , 635.12 ," 23,994.86 "
NUSA TENGGARA TIMUR,5316,SUMBA TENGAH, - , 79.43 , - , 71.06 , 997.74 ," 2,930.43 ", 731.06 , - , - , - , 82.63 , 217.15 ," 5,109.50 "
NUSA TENGGARA TIMUR,5317,SUMBA BARAT DAYA, 45.06 , 196.53 ," 1,449.64 "," 7,061.26 "," 2,272.08 ", 680.99 , 555.15 , 221.94 , 453.66 , 164.04 , 68.20 , 84.92 ," 13,253.47 "
NUSA TENGGARA TIMUR,5318,NAGEKEO, 108.02 , 72.33 , - , 102.71 ," 1,637.85 "," 1,982.29 "," 1,305.35 ", 226.81 , 241.44 , 132.14 ," 1,174.49 ", 837.63 ," 7,821.06 "
NUSA TENGGARA TIMUR,5319,MANGGARAI TIMUR, 679.83 , 170.89 , 676.62 ," 1,219.65 "," 3,708.33 "," 2,169.37 "," 1,379.86 ", 605.44 , 336.78 ," 1,365.89 "," 1,665.88 "," 1,428.69 "," 15,407.23 "
NUSA TENGGARA TIMUR,5320,SABU RAIJUA, 9.99 , - , - , 242.23 , 179.90 , - , 84.88 , 65.10 , - , 141.47 , - , - , 723.57 
NUSA TENGGARA TIMUR,5321,MALAKA, 90.99 , - , - , 64.75 , 907.89 ," 1,753.42 "," 1,279.57 ", 583.16 , 53.70 , 155.05 , 699.84 , 474.72 ," 6,063.09 "
NUSA TENGGARA TIMUR,5371,KUPANG, - , - , - , 23.51 , 9.65 , 146.48 , 60.50 , - , - , 7.75 , 29.26 , - , 277.15 
KALIMANTAN BARAT,6101,SAMBAS," 13,270.06 "," 7,932.70 "," 3,845.29 "," 1,526.24 "," 3,000.04 "," 5,045.00 "," 10,445.31 "," 5,528.30 "," 1,842.53 "," 2,622.74 "," 2,756.41 "," 6,307.74 "," 64,122.36 "
KALIMANTAN BARAT,6102,BENGKAYANG, 179.46 ," 2,176.43 "," 3,373.82 ", 49.04 , 196.37 , - , 77.07 ," 1,495.54 "," 3,583.02 ", 767.22 , 83.63 , 50.26 ," 12,031.85 "
KALIMANTAN BARAT,6103,LANDAK," 1,236.09 "," 2,257.53 "," 7,635.33 "," 4,517.01 ", 324.22 ," 1,281.23 ", 528.72 ," 1,349.00 "," 4,671.20 "," 5,271.20 "," 1,445.82 ", 688.27 ," 31,205.62 "
KALIMANTAN BARAT,6104,MEMPAWAH, 840.61 ," 1,325.42 "," 3,036.33 "," 2,367.00 ", 904.01 ," 1,147.88 ", 168.71 ," 1,086.61 "," 2,356.63 "," 2,115.34 "," 1,557.97 "," 1,006.90 "," 17,913.41 "
KALIMANTAN BARAT,6105,SANGGAU, 304.97 ," 5,558.90 "," 13,735.44 "," 2,100.22 ", 39.78 , 25.28 , 40.83 , 119.27 ," 1,436.36 ", 342.18 , 831.74 , 527.55 ," 25,062.52 "
KALIMANTAN BARAT,6106,KETAPANG," 1,053.74 "," 5,531.79 "," 7,769.11 "," 1,422.36 "," 1,745.04 ", 642.18 ," 2,494.77 "," 5,277.02 "," 2,396.94 ", 279.78 , 266.22 , 357.67 ," 29,236.61 "
KALIMANTAN BARAT,6107,SINTANG, 220.22 ," 2,748.37 "," 3,313.08 ", 772.11 , 171.16 , 215.70 , 431.42 ," 1,335.03 ", 629.43 , 646.89 , 218.35 , 25.98 ," 10,727.75 "
KALIMANTAN BARAT,6108,KAPUAS HULU, 976.68 ," 2,236.20 ", 864.00 , 98.84 , 234.15 , 136.45 , 17.79 , 154.13 , 80.03 , 153.70 , 96.73 , 272.56 ," 5,321.26 "
KALIMANTAN BARAT,6109,SEKADAU, 611.51 ," 2,238.45 "," 3,184.24 ", 218.21 , 232.14 , 942.11 , 319.56 ," 1,400.55 ", 918.96 , 803.95 , 140.69 , 427.39 ," 11,437.76 "
KALIMANTAN BARAT,6110,MELAWI, 360.03 ," 1,013.62 ", 777.72 , 140.79 , 13.81 , 4.52 , 92.86 , 257.36 , 118.03 , 57.33 , 52.58 , 22.59 ," 2,911.24 "
KALIMANTAN BARAT,6111,KAYONG UTARA, 162.47 , 719.44 ," 2,396.45 "," 3,561.21 "," 1,564.77 ", 81.23 , 243.70 , 405.46 , 866.95 , 498.29 , 262.29 , 133.19 ," 10,895.44 "
KALIMANTAN BARAT,6112,KUBU RAYA," 2,877.69 "," 6,988.92 "," 5,364.73 "," 2,170.11 ", 747.61 , 123.99 , 500.69 , 943.08 , 191.57 , 369.85 , 603.91 ," 1,784.51 "," 22,666.65 "
KALIMANTAN BARAT,6171,PONTIANAK, 13.05 , 93.75 , 14.73 , - , - , - , - , - , 0.03 , - , 0.04 , 0.97 , 122.56 
KALIMANTAN BARAT,6172,SINGKAWANG, 106.73 ," 1,359.21 ", 159.79 , 41.64 , 47.48 , - , 690.11 ," 1,029.61 ", 51.13 , 13.61 , 0.14 , 53.23 ," 3,552.68 "
KALIMANTAN TENGAH,6201,KOTAWARINGIN BARAT, - , 33.12 , 29.83 , 10.05 , - , - , 23.48 , 49.52 , - , - , - , 42.81 , 188.81 
KALIMANTAN TENGAH,6202,KOTAWARINGIN TIMUR, - , - , 132.80 , 830.36 ," 2,914.91 "," 1,249.90 ", 449.25 , 808.64 ," 1,079.58 "," 1,251.09 ", 424.67 , 21.35 ," 9,162.54 "
KALIMANTAN TENGAH,6203,KAPUAS, - , 371.58 ," 2,778.42 "," 2,654.75 ", 709.89 , 71.14 ," 2,734.59 "," 12,695.42 "," 18,401.33 "," 7,901.85 ", 396.52 , 4.52 ," 48,720.01 "
KALIMANTAN TENGAH,6204,BARITO SELATAN, - , - , 83.82 , 551.90 , 412.88 , - , - , - , - , 926.46 , 7.80 , 17.94 ," 2,000.80 "
KALIMANTAN TENGAH,6205,BARITO UTARA, - , - ," 1,526.10 ", 728.27 , 761.64 , - , - , 36.91 , 96.31 , - , 1.40 , - ," 3,150.63 "
KALIMANTAN TENGAH,6206,SUKAMARA, - , 22.18 , 115.14 , 406.15 , 67.23 , - , 1.06 , 3.56 , 22.52 , 0.00 , 0.00 , 0.00 , 637.84 
KALIMANTAN TENGAH,6207,LAMANDAU, - , 8.48 , 80.63 , 71.07 , 24.05 , - , 2.54 , 36.85 , 29.37 , 5.21 , 20.41 , 9.81 , 288.41 
KALIMANTAN TENGAH,6208,SERUYAN, - , 61.22 , 346.06 , 234.89 , 319.80 , 804.71 , 428.98 , 251.03 , 88.93 , 219.25 , 5.64 , 14.74 ," 2,775.24 "
KALIMANTAN TENGAH,6209,KATINGAN, - , - ," 2,089.16 "," 3,262.23 "," 1,760.34 ", 131.56 , 35.33 ," 2,189.63 "," 2,385.14 ", 195.50 , - , 0.43 ," 12,049.32 "
KALIMANTAN TENGAH,6210,PULANG PISAU, 84.58 ," 1,094.60 "," 6,408.09 "," 2,907.84 ", 137.72 , 10.86 , 525.98 ," 8,945.05 "," 5,268.21 ", 547.82 , 0.36 , 0.06 ," 25,931.17 "
KALIMANTAN TENGAH,6211,GUNUNG MAS, 20.92 , 15.17 , 25.22 , 3.98 , 19.05 , - , 10.05 , - , - , - , - , 18.33 , 112.72 
KALIMANTAN TENGAH,6212,BARITO TIMUR, - , - , 29.13 ," 1,292.37 "," 2,056.18 ", 419.49 , - , - , 192.96 , 421.97 , 808.53 , 277.32 ," 5,497.95 "
KALIMANTAN TENGAH,6213,MURUNG RAYA, - , - , 253.17 , 247.36 , - , - , - , - , - , - , - , - , 500.53 
KALIMANTAN TENGAH,6271,PALANGKA RAYA, - , - , - , - , - , - , - , - , - , - , - , 0.15 , 0.15 
KALIMANTAN SELATAN,6301,TANAH LAUT, - , 553.59 ," 2,082.64 "," 1,513.87 "," 1,762.88 ", 937.43 ," 2,386.43 "," 10,094.37 "," 4,679.55 ", 908.65 , 70.48 , 101.99 ," 25,091.89 "
KALIMANTAN SELATAN,6302,KOTABARU, - , - , - , 266.60 , 175.92 ," 1,290.71 ", 446.27 , 384.06 , 703.80 , 594.91 , 177.19 , 37.68 ," 4,077.14 "
KALIMANTAN SELATAN,6303,BANJAR, - , - , 207.15 , 488.41 , 153.05 , 288.57 ," 4,474.81 "," 15,510.18 "," 12,221.66 "," 5,597.02 "," 1,578.17 ", 109.13 ," 40,628.14 "
KALIMANTAN SELATAN,6304,BARITO KUALA, 140.98 , 281.97 , 524.10 , 492.41 , 76.22 , 70.49 ," 2,481.05 "," 33,544.91 "," 19,864.39 "," 1,356.75 ", 39.73 , - ," 58,873.00 "
KALIMANTAN SELATAN,6305,TAPIN, - , 61.35 , 531.11 ," 1,598.67 "," 3,934.70 "," 6,425.53 "," 2,602.27 "," 1,194.64 "," 3,595.20 "," 6,065.04 "," 1,425.60 ", 205.33 ," 27,639.43 "
KALIMANTAN SELATAN,6306,HULU SUNGAI SELATAN, - , 33.42 , 398.29 , 793.31 ," 2,420.24 "," 3,796.43 "," 2,386.43 ", 366.77 , 214.88 ," 2,185.18 "," 6,842.33 ", 468.07 ," 19,905.34 "
KALIMANTAN SELATAN,6307,HULU SUNGAI TENGAH, 37.07 , 82.45 ," 3,225.54 "," 10,648.69 "," 7,184.89 "," 2,083.49 ", 595.57 , 183.99 , 123.04 , 233.12 , 271.52 , 40.18 ," 24,709.56 "
KALIMANTAN SELATAN,6308,HULU SUNGAI UTARA, - , - , 53.68 , 159.75 , 34.85 , 139.39 , 481.35 ," 1,191.06 "," 3,246.11 "," 5,013.99 "," 4,559.66 ", 283.15 ," 15,162.99 "
KALIMANTAN SELATAN,6309,TABALONG, - , - , 364.18 ," 3,212.59 "," 2,970.96 ", 905.99 , 92.91 , 674.89 ," 1,341.17 "," 2,582.42 ", 696.89 , 14.14 ," 12,856.14 "
KALIMANTAN SELATAN,6310,TANAH BUMBU, - , - , - , 175.85 , 885.47 ," 3,608.38 "," 1,054.32 ", 328.31 , 153.91 ," 1,349.60 "," 1,725.39 ", 407.44 ," 9,688.67 "
KALIMANTAN SELATAN,6311,BALANGAN, - , 48.55 , 184.77 ," 1,214.29 ", 953.67 ," 1,403.79 ", 748.89 , 127.97 , 6.91 , 16.18 , 13.99 , 8.96 ," 4,727.98 "
KALIMANTAN SELATAN,6371,BANJARMASIN, - , - , - , - , - , - , - , 51.37 , 607.54 ," 1,017.40 ", 56.22 , - ," 1,732.53 "
KALIMANTAN SELATAN,6372,BANJAR BARU, - , - , - , - , - , - , 149.37 , 592.79 , 255.53 , 1.84 , 1.44 , 18.64 ," 1,019.61 "
KALIMANTAN TIMUR,6401,PASER, - , - ," 2,763.88 "," 1,832.33 ", 347.87 , 75.61 , 5.24 , 493.88 ," 4,558.06 ", 614.52 , 608.77 , 42.13 ," 11,342.28 "
KALIMANTAN TIMUR,6402,KUTAI BARAT, - , 43.18 , 217.66 , 48.07 , 11.48 , 3.63 , 3.63 , 6.89 , 53.08 , 16.07 , 45.56 , - , 449.25 
KALIMANTAN TIMUR,6403,KUTAI KARTANEGARA, 409.45 , 525.03 ," 2,244.84 "," 5,064.38 "," 4,004.14 ", 780.03 , 356.16 , 128.85 ," 6,419.30 "," 4,811.86 ", 854.07 , 433.05 ," 26,031.16 "
KALIMANTAN TIMUR,6404,KUTAI TIMUR, 30.55 , 459.88 , 529.04 , 648.65 , 140.53 , 69.82 , 25.46 , 625.76 , 932.82 , 127.28 , 144.37 , 55.85 ," 3,790.01 "
KALIMANTAN TIMUR,6405,BERAU, - , 201.95 , 925.16 ," 1,493.19 ", 492.17 , 73.13 , 19.54 , 601.16 ," 1,245.02 ", 477.06 , 113.43 , 32.33 ," 5,674.14 "
KALIMANTAN TIMUR,6409,PENAJAM PASER UTARA, - , - ," 2,115.48 "," 3,539.57 ", 409.90 , 246.63 , - , 794.22 ," 5,337.05 ", 320.73 , 471.61 , - ," 13,235.19 "
KALIMANTAN TIMUR,6411,MAHAKAM HULU, - , - , 74.20 , 50.37 , - , - , - , - , 158.76 , - , - , - , 283.33 
KALIMANTAN TIMUR,6471,BALIKPAPAN, - , - , - , - , 4.13 , 20.67 , 8.27 , 8.27 , - , - , - , 8.27 , 49.61 
KALIMANTAN TIMUR,6472,SAMARINDA, - , 203.10 , 133.41 , 638.27 , 73.06 , 1.35 , 6.74 , 6.67 , 430.34 , 656.96 , 34.08 , 2.70 ," 2,186.68 "
KALIMANTAN TIMUR,6474,BONTANG, - , - , - , - , - , - , - , - , - , 0.11 , - , - , 0.11 
KALIMANTAN UTARA,6501,MALINAU, 391.34 , 526.89 , 153.58 , - , 47.76 , 101.71 , 223.90 , 41.44 , - , - , - , 26.13 ," 1,512.75 "
KALIMANTAN UTARA,6502,BULUNGAN, 377.66 ," 1,080.87 ", 553.21 , 12.24 , 138.85 , 191.27 , 183.21 , 51.57 , 244.14 , 226.72 , 19.42 , 244.05 ," 3,323.21 "
KALIMANTAN UTARA,6503,TANA TIDUNG, - , 11.11 , 76.69 , - , - , - , - , - , - , - , - , 3.32 , 91.12 
KALIMANTAN UTARA,6504,NUNUKAN," 1,543.83 ", 199.69 , 56.71 , 101.73 , 103.88 , 91.79 , 5.83 , 123.53 , 338.05 , 208.19 , 109.44 , 464.45 ," 3,347.12 "
KALIMANTAN UTARA,6571,TARAKAN, - , - , 7.85 , - , - , - , - , - , - , - , - , - , 7.85 
SULAWESI UTARA,7101,BOLAANG MONGONDOW," 2,752.07 "," 3,707.27 "," 2,816.82 "," 3,313.29 "," 2,501.42 "," 2,969.95 "," 2,190.16 "," 2,386.29 "," 4,374.40 "," 2,611.86 "," 2,344.13 "," 2,545.71 "," 34,513.37 "
SULAWESI UTARA,7102,MINAHASA, 431.28 , 466.72 , 268.86 , 339.68 , 658.38 , 669.28 , 746.20 , 595.45 , 673.60 , 427.87 , 616.62 , 688.80 ," 6,582.74 "
SULAWESI UTARA,7103,KEPULAUAN SANGIHE, - , - , - , - , - , - , - , - , 7.10 , - , - , 1.56 , 8.65 
SULAWESI UTARA,7104,KEPULAUAN TALAUD, - , - , - , - , - , - , - , - , - , - , 0.29 , - , 0.29 
SULAWESI UTARA,7105,MINAHASA SELATAN, 208.30 , 208.20 , 378.17 , 311.23 , 324.94 , 173.92 , 367.58 , 357.66 , 149.84 , 253.85 , 186.84 , 227.71 ," 3,148.24 "
SULAWESI UTARA,7106,MINAHASA UTARA, 97.41 , 19.61 , 66.00 , 38.90 , 91.31 , 247.40 , 74.87 , 27.72 , 33.79 , 36.58 , 152.30 , 128.28 ," 1,014.17 "
SULAWESI UTARA,7107,BOLAANG MONGONDOW UTARA, 17.85 , 432.95 ," 1,363.68 ", 911.31 , 232.32 , 52.43 , 104.87 , 251.80 ," 1,220.49 ", 819.47 , 108.67 , 30.02 ," 5,545.86 "
SULAWESI UTARA,7108,SIAU TAGULANDANG BIARO, - , - , - , - , - , - , - , - , - , - , - , - , - 
SULAWESI UTARA,7109,MINAHASA TENGGARA, 79.26 , 97.81 , 55.90 , 13.50 , 128.62 , 276.00 , 197.16 , 81.74 , 127.49 , 70.79 , 128.88 , 254.21 ," 1,511.36 "
SULAWESI UTARA,7110,BOLAANG MONGONDOW SELATAN, 54.40 , 35.85 , 260.00 , 238.84 , 225.45 , 233.15 , 246.48 , 69.82 , 322.78 , 125.48 , 180.55 , 410.16 ," 2,402.96 "
SULAWESI UTARA,7111,BOLAANG MONGONDOW TIMUR, 38.41 , 114.35 , 80.76 , 46.92 , 90.07 , 46.18 , 44.06 , 74.51 , 61.26 , 88.87 , 37.62 , 71.81 , 794.82 
SULAWESI UTARA,7171,MANADO, - , - , - , 7.81 , - , - , - , - , 1.22 , - , - , - , 9.03 
SULAWESI UTARA,7172,BITUNG, 16.91 , 8.46 , - , - , - , 2.11 , 23.25 , - , - , - , - , 21.14 , 71.87 
SULAWESI UTARA,7173,TOMOHON, 62.06 , - , - , 13.24 , 13.24 , 223.00 , - , - , - , - , 48.81 , 138.56 , 498.91 
SULAWESI UTARA,7174,KOTAMOBAGU, 136.35 , 41.90 , 428.85 , 571.32 , 37.12 , 154.31 , 23.95 , 208.80 ," 1,048.52 ", 43.11 , 111.35 , 214.11 ," 3,019.69 "
SULAWESI TENGAH,7201,BANGGAI KEPULAUAN, 123.16 , 52.78 , - , 12.30 , 45.68 , 126.66 , 35.19 , 17.59 , 84.51 , 0.64 , 70.45 , 51.84 , 620.80 
SULAWESI TENGAH,7202,BANGGAI, 365.36 , 513.33 , 475.19 ," 4,423.30 "," 8,167.17 "," 3,584.96 ", 833.45 , 600.81 , 821.51 ," 9,905.88 "," 8,209.72 ", 778.03 ," 38,678.71 "
SULAWESI TENGAH,7203,MOROWALI," 1,001.01 ", 14.00 , - , 28.00 , 488.69 ," 1,771.17 "," 1,090.15 ", 76.11 , 192.69 , 125.32 , 448.77 ," 2,190.14 "," 7,426.05 "
SULAWESI TENGAH,7204,POSO," 2,184.57 "," 1,045.21 "," 1,033.31 "," 1,257.31 ", 648.85 ," 2,902.61 "," 2,277.81 "," 1,715.16 "," 1,408.40 ", 973.44 , 576.55 ," 1,646.95 "," 17,670.17 "
SULAWESI TENGAH,7205,DONGGALA, 188.00 , 135.23 , 834.15 ," 2,987.04 "," 1,450.43 ", 549.35 , 387.13 , 154.06 , 656.14 ," 2,651.30 "," 1,024.15 ", 510.18 ," 11,527.16 "
SULAWESI TENGAH,7206,TOLI-TOLI, 262.28 , 434.00 ," 2,313.21 "," 2,276.84 "," 1,319.04 ", 592.60 , - , 372.00 ," 2,122.26 "," 2,613.42 ", 526.06 , 39.48 ," 12,871.20 "
SULAWESI TENGAH,7207,BUOL, 266.19 , - , 73.05 , 316.75 , 727.36 , 403.98 , 350.62 , 15.58 , 271.78 , 473.32 , 570.02 , 277.33 ," 3,745.97 "
SULAWESI TENGAH,7208,PARIGI MOUTONG," 6,910.21 "," 1,440.82 "," 2,839.69 "," 6,896.62 "," 7,502.65 "," 2,698.71 "," 2,133.76 "," 2,660.71 "," 7,614.06 "," 8,876.14 "," 1,441.85 "," 2,077.94 "," 53,093.16 "
SULAWESI TENGAH,7209,TOJO UNA-UNA, 74.23 , 36.47 , 164.43 , 315.58 , 279.29 , 94.95 , 91.22 , 55.60 , 75.59 , 371.21 , 257.99 , 108.46 ," 1,925.02 "
SULAWESI TENGAH,7210,SIGI," 1,312.55 ", 994.93 ," 2,645.42 "," 1,300.83 ", 864.31 ," 1,612.00 ", 861.15 ," 1,200.72 "," 2,692.84 "," 1,499.37 "," 1,495.54 "," 1,292.43 "," 17,772.09 "
SULAWESI TENGAH,7211,BANGGAI LAUT, - , - , - , - , - , - , - , - , - , 1.20 , - , - , 1.20 
SULAWESI TENGAH,7212,MOROWALI UTARA, 37.37 , - , - , 425.21 , 709.87 ," 1,306.54 ", 384.05 , - , - ," 1,204.33 "," 1,755.50 "," 1,274.96 "," 7,097.83 "
SULAWESI TENGAH,7271,PALU, 26.30 , 15.93 , 14.75 , 2.95 , 14.75 , 24.78 , 2.95 , - , 11.07 , 18.51 , 25.35 , 19.51 , 176.85 
SULAWESI SELATAN,7301,KEPULAUAN SELAYAR, - , - , 21.78 , 539.53 , 693.59 , - , 21.78 , 19.71 , 184.09 , - , - , - ," 1,480.48 "
SULAWESI SELATAN,7302,BULUKUMBA, - , - , 58.37 ," 5,368.79 "," 14,624.48 "," 1,560.39 ", - ," 1,994.90 "," 13,564.23 "," 5,390.19 ", 327.35 , 199.27 ," 43,087.97 "
SULAWESI SELATAN,7303,BANTAENG, 427.47 , 179.14 , 856.12 , 298.47 ," 2,885.54 ", 933.38 , 285.85 ," 1,011.39 "," 1,371.43 "," 1,975.74 ", 169.62 , 33.92 ," 10,428.07 "
SULAWESI SELATAN,7304,JENEPONTO, 176.13 , 29.35 ," 3,165.88 "," 11,995.94 "," 7,312.07 ", 146.77 , 808.76 ," 1,623.18 "," 1,389.51 ", 536.50 , 346.26 , 75.24 ," 27,605.59 "
SULAWESI SELATAN,7305,TAKALAR, 89.12 , - ," 5,261.25 "," 10,296.94 ", 177.56 , - ," 1,571.98 "," 8,339.86 ", - , 9.83 , 920.28 , 929.68 ," 27,596.50 "
SULAWESI SELATAN,7306,GOWA, 410.90 , 34.74 ," 5,692.41 "," 10,663.28 "," 4,234.44 "," 3,909.02 "," 5,418.37 "," 7,088.85 "," 2,447.58 "," 1,385.92 "," 4,718.38 "," 3,384.40 "," 49,388.29 "
SULAWESI SELATAN,7307,SINJAI, - , - , - ," 4,520.43 "," 2,460.64 ", 991.62 , 72.47 ," 7,543.92 "," 2,754.27 ", 162.98 ," 1,176.53 ", 615.27 ," 20,298.13 "
SULAWESI SELATAN,7308,MAROS, - , - ," 7,588.03 "," 7,984.27 "," 5,192.57 "," 1,804.83 "," 5,746.01 "," 8,162.54 ", 937.61 , 306.01 ," 1,053.32 "," 1,579.54 "," 40,354.73 "
SULAWESI SELATAN,7309,PANGKAJENE DAN KEPULAUAN, - , - ," 1,686.30 "," 12,941.55 ", 540.55 , - , 717.92 ," 10,175.51 ", 811.49 , 0.11 , 0.04 , 170.24 ," 27,043.71 "
SULAWESI SELATAN,7310,BARRU, - , - , 147.64 ," 10,985.06 "," 2,192.34 ", - , - ," 4,592.90 "," 3,293.17 ", - , - , 2.15 ," 21,213.26 "
SULAWESI SELATAN,7311,BONE, 245.24 , 238.62 ," 6,498.02 "," 16,317.37 "," 26,823.48 "," 5,426.49 "," 1,717.30 "," 51,668.61 "," 31,533.77 "," 12,756.32 "," 4,443.72 ", 232.37 ," 157,901.31 "
SULAWESI SELATAN,7312,SOPPENG, - , 382.42 , 938.64 ," 7,499.20 "," 9,518.02 "," 2,314.87 "," 1,673.46 "," 5,788.24 "," 12,153.39 "," 4,295.38 ", 627.14 , 251.21 ," 45,441.96 "
SULAWESI SELATAN,7313,WAJO, 49.32 , 301.49 ," 6,260.30 "," 11,484.93 "," 12,723.83 ", 897.42 ," 1,027.04 "," 44,077.91 "," 25,297.73 "," 10,837.10 "," 7,745.38 "," 2,614.07 "," 123,316.52 "
SULAWESI SELATAN,7314,SIDENRENG RAPPANG, - , 305.62 ," 10,266.19 "," 24,923.13 "," 5,035.27 ", 742.99 , 380.95 ," 3,087.53 "," 25,765.93 "," 13,721.56 "," 2,227.23 ", 92.29 ," 86,548.69 "
SULAWESI SELATAN,7315,PINRANG, 547.79 , 436.59 , 668.49 ," 17,503.09 "," 20,318.55 "," 5,834.70 "," 1,973.62 "," 1,387.81 "," 3,592.74 "," 17,020.68 "," 16,637.53 "," 6,355.51 "," 92,277.10 "
SULAWESI SELATAN,7316,ENREKANG, - , - , 83.79 ," 1,728.78 "," 1,311.54 ", 593.57 , 539.88 , 221.53 ," 2,053.51 ", 407.51 , 608.00 , 389.48 ," 7,937.59 "
SULAWESI SELATAN,7317,LUWU," 1,175.59 ", 676.67 , 192.29 ," 6,385.80 "," 12,526.86 "," 4,108.38 "," 1,801.26 "," 1,435.83 ", 791.09 ," 11,355.40 "," 10,333.12 "," 1,542.98 "," 52,325.28 "
SULAWESI SELATAN,7318,TANA TORAJA, 427.05 , 105.14 , 748.92 , 150.46 , 554.88 , 915.73 ," 4,246.38 "," 3,070.21 ", 864.16 , 634.22 , 375.28 , 764.55 ," 12,856.98 "
SULAWESI SELATAN,7322,LUWU UTARA," 1,207.35 ", 459.39 ," 1,153.44 "," 10,056.84 "," 4,261.48 "," 2,555.35 ", 839.69 , 832.94 ," 7,062.72 "," 6,203.92 "," 3,629.47 "," 2,089.50 "," 40,352.09 "
SULAWESI SELATAN,7325,LUWU TIMUR, 891.06 , 632.31 , 498.70 ," 1,011.11 "," 11,665.98 "," 5,606.35 ", 506.82 , - , - ," 1,494.36 "," 12,426.64 "," 6,441.10 "," 41,174.43 "
SULAWESI SELATAN,7326,TORAJA UTARA," 1,009.26 ", 836.19 , 41.97 , 26.38 , 387.44 ," 1,935.86 "," 5,300.37 "," 5,213.18 ", 616.98 , 75.98 , 105.51 , 660.15 ," 16,209.27 "
SULAWESI SELATAN,7371,MAKASSAR, - , - , 217.21 , 644.14 , 244.27 , 106.72 , 342.20 , 520.34 , 67.76 , 43.85 , 323.09 , 68.67 ," 2,578.25 "
SULAWESI SELATAN,7372,PAREPARE, - , - , 10.42 , 393.33 , 126.29 , 24.48 , 3.91 , 108.78 , 289.81 , 0.26 , 2.75 , - , 960.04 
SULAWESI SELATAN,7373,PALOPO, - , - , 4.43 , 216.49 ," 1,207.74 ", 49.69 , - , - , 29.16 , 795.54 , 628.36 , 0.95 ," 2,932.36 "
SULAWESI TENGGARA,7401,BUTON, - , 21.90 , - , 75.38 , 252.78 , 368.36 , 252.91 , 131.41 , 126.89 , 248.95 , 87.61 , 109.51 ," 1,675.70 "
SULAWESI TENGGARA,7402,MUNA, 7.96 , 46.67 , 33.18 , 212.85 , 181.20 , 29.14 , 68.19 , 20.60 , 15.67 , 161.76 , 0.00 , 9.72 , 786.95 
SULAWESI TENGGARA,7403,KONAWE," 4,477.28 "," 5,960.48 ", 322.76 ," 3,105.28 "," 5,940.66 "," 3,980.97 "," 3,733.77 "," 5,605.10 "," 2,500.22 "," 6,879.60 "," 2,759.12 "," 3,478.21 "," 48,743.45 "
SULAWESI TENGGARA,7404,KOLAKA," 1,244.73 ", 240.24 , 462.66 , 686.44 ," 1,364.94 "," 1,678.64 "," 1,586.07 "," 1,202.94 "," 1,375.74 ", 588.85 , 186.34 , 979.06 ," 11,596.65 "
SULAWESI TENGGARA,7405,KONAWE SELATAN, 78.53 , 11.44 , - , 311.98 ," 3,712.16 "," 4,682.47 "," 1,698.12 "," 1,194.65 "," 1,912.49 "," 4,793.16 "," 2,844.07 ", 371.95 ," 21,611.02 "
SULAWESI TENGGARA,7406,BOMBANA, 3.13 , - , 186.29 ," 1,357.63 "," 3,331.67 "," 1,590.34 "," 1,307.84 "," 1,801.04 "," 2,190.52 "," 3,368.87 ", 486.97 , 394.21 ," 16,018.51 "
SULAWESI TENGGARA,7407,WAKATOBI, - , - , - , - , - , - , - , - , - , - , - , - , - 
SULAWESI TENGGARA,7408,KOLAKA UTARA, 27.81 , 160.74 , 103.75 , 89.88 , 164.33 , 154.39 , 4.50 , 50.31 , 122.20 , 228.92 , 187.11 , 147.34 ," 1,441.28 "
SULAWESI TENGGARA,7409,BUTON UTARA, 6.26 , - , - , 129.43 , 72.38 , 180.39 , 45.57 , 199.43 , 78.06 , 124.12 , 48.62 , - , 884.26 
SULAWESI TENGGARA,7410,KONAWE UTARA, 67.32 , - , - , 131.00 , 728.93 , 179.34 , 23.22 , - , - , 493.67 , 335.77 , 99.67 ," 2,058.92 "
SULAWESI TENGGARA,7411,KOLAKA TIMUR, 382.93 , 136.04 , 58.67 ," 1,892.34 "," 4,656.92 "," 2,944.40 ", 580.06 , 114.75 , 597.29 ," 4,558.97 "," 4,081.32 "," 1,037.23 "," 21,040.92 "
SULAWESI TENGGARA,7412,KONAWE KEPULAUAN, - , - , - , 37.60 , 1.49 , 49.34 , - , 1.49 , 8.58 , 39.79 , 28.09 , - , 166.38 
SULAWESI TENGGARA,7413,MUNA BARAT, - , 43.31 , 75.79 , 227.48 , 155.33 , 186.18 , 15.63 , 10.83 , 352.01 , 289.36 , 53.35 , 4.31 ," 1,413.58 "
SULAWESI TENGGARA,7414,BUTON TENGAH, - , - , - , - , - , - , - , 5.78 , - , - , - , - , 5.78 
SULAWESI TENGGARA,7415,BUTON SELATAN, - , - , - , 26.67 , 6.67 , - , - , - , - , - , - , - , 33.34 
SULAWESI TENGGARA,7471,KENDARI, - , - , - , - , 148.42 , 130.09 , 8.26 , - , - , 274.67 , - , - , 561.44 
SULAWESI TENGGARA,7472,BAUBAU, - , - , 10.68 , 10.68 , 844.29 , 136.35 , - , - , 10.68 , 878.94 , 69.82 , - ," 1,961.44 "
GORONTALO,7501,BOALEMO, 705.03 , 122.24 , 257.48 ," 1,891.41 ", 869.62 , 401.65 , - , - ," 1,129.33 ", 652.38 , 996.48 , 1.89 ," 7,027.50 "
GORONTALO,7502,GORONTALO, 793.21 , 353.54 ," 3,279.74 "," 4,373.32 "," 2,320.64 ", 648.29 , 380.01 , 705.73 ," 6,029.96 "," 1,293.14 ", 420.57 , 332.37 ," 20,930.52 "
GORONTALO,7503,POHUWATO, - , 646.12 , 343.31 , 395.11 , 712.32 ," 1,143.34 ", 329.09 , 412.84 , 741.25 , 823.32 , 889.98 , 563.59 ," 7,000.27 "
GORONTALO,7504,BONE BOLANGO, - , 7.23 , 469.51 ," 1,432.15 ", 71.58 , 10.84 , 3.61 , 461.36 ," 1,420.32 ", 44.09 , 14.76 , 14.46 ," 3,949.90 "
GORONTALO,7505,GORONTALO UTARA, - , - , 533.95 ," 1,937.71 ", 654.11 , 95.10 , - , 406.13 ," 1,574.94 "," 1,142.74 ", 190.21 , - ," 6,534.90 "
GORONTALO,7571,GORONTALO, - , - , 99.35 , 623.92 , 57.54 , - , - , 122.81 , 590.21 , 7.61 , 7.61 , - ," 1,509.05 "
SULAWESI BARAT,7601,MAJENE, 12.82 , 64.10 , - , 140.66 , 115.38 , 12.82 , - , - , 67.91 , 185.71 , 12.82 , - , 612.22 
SULAWESI BARAT,7602,POLEWALI MANDAR, 482.35 ," 4,129.10 "," 4,938.39 "," 4,261.47 "," 1,408.76 ", 301.43 ," 2,809.40 "," 5,646.31 "," 4,584.84 "," 2,200.06 ", 493.51 , 46.00 ," 31,301.62 "
SULAWESI BARAT,7603,MAMASA," 1,218.67 ", 526.74 , 291.73 , 241.05 ," 1,218.15 "," 3,255.70 ", 951.74 , 254.66 , 139.45 , 426.94 ," 1,077.06 "," 1,421.79 "," 11,023.68 "
SULAWESI BARAT,7604,MAMUJU, 162.45 , 153.72 ," 1,969.61 "," 3,367.86 "," 1,078.56 ", 855.49 , 460.27 , 669.90 ," 2,676.73 "," 1,900.12 "," 1,114.79 ", 415.20 ," 14,824.70 "
SULAWESI BARAT,7605,PASANGKAYU, 89.16 , 45.70 , 13.93 , 46.02 , 69.31 , 27.32 , 33.62 , 41.26 , 22.02 , 60.88 , 62.75 , 34.05 , 546.02 
SULAWESI BARAT,7606,MAMUJU TENGAH, - , 93.00 , 914.66 ," 1,314.76 ", 152.94 , 23.57 , 206.85 , 998.31 , 940.26 , 212.09 , - , 16.91 ," 4,873.35 "
MALUKU,8101,KEPULAUAN TANIMBAR, - , - , - , 4.53 , 76.14 , 456.50 , - , - , - , - , - , - , 537.17 
MALUKU,8102,MALUKU TENGGARA, - , - , - , - , - , - , - , - , - , - , - , - , - 
MALUKU,8103,MALUKU TENGAH, 727.69 ," 2,462.53 ", - , 532.82 , 24.15 , 844.18 , 667.08 ," 1,899.41 "," 1,275.67 ", 19.44 , 215.55 , 88.80 ," 8,757.32 "
MALUKU,8104,BURU, 758.75 ," 1,095.97 ", 502.66 ," 1,639.84 ", 588.59 ," 1,470.58 "," 1,011.67 "," 1,006.94 "," 1,827.15 ", 164.88 , 505.83 , 843.05 ," 11,415.91 "
MALUKU,8105,KEPULAUAN ARU, - , - , - , - , - , - , - , - , - , - , - , - , - 
MALUKU,8106,SERAM BAGIAN BARAT, - , - , 257.91 , 184.08 , - , - , - , 56.53 , 408.52 , - , - , - , 907.04 
MALUKU,8107,SERAM BAGIAN TIMUR, - , 205.58 , 411.16 , 616.74 , - , - , 68.53 , - , 616.74 , 411.16 , - , - ," 2,329.91 "
MALUKU,8108,MALUKU BARAT DAYA, - , - , - , - , - , - , - , - , - , - , - , - , - 
MALUKU,8109,BURU SELATAN, - , - , - , - , - , - , - , - , - , - , - , - , - 
MALUKU,8171,AMBON, - , - , - , - , - , - , - , - , - , - , - , - , - 
MALUKU,8172,TUAL, - , - , - , - , - , - , - , - , - , - , - , - , - 
MALUKU UTARA,8201,HALMAHERA BARAT, 22.39 , - , - , - , - , 31.28 , 9.37 , 31.28 , 22.39 , - , 22.39 , 3.10 , 142.20 
MALUKU UTARA,8202,HALMAHERA TENGAH, - , - , - , 55.39 , - , 221.57 , - , 30.85 , 20.17 , - , 3.86 , 67.05 , 398.89 
MALUKU UTARA,8203,KEPULAUAN SULA, - , - , - , - , 3.67 , - , - , - , 4.11 , 27.80 , - , 13.43 , 49.01 
MALUKU UTARA,8204,HALMAHERA SELATAN, - , - , - , 7.56 , - , - , 38.89 , - , 0.62 , 15.25 , 0.58 , - , 62.90 
MALUKU UTARA,8205,HALMAHERA UTARA, 427.89 , 8.87 , 106.63 , 58.90 , 344.52 , 190.66 , - , 32.81 , 90.23 , 87.96 , 174.30 , 245.02 ," 1,767.79 "
MALUKU UTARA,8206,HALMAHERA TIMUR, 610.05 ," 1,751.35 ", 498.95 , 8.44 , 21.91 , 40.40 , 996.27 ," 1,115.59 ", 641.05 , 88.58 , 27.63 , 170.67 ," 5,970.88 "
MALUKU UTARA,8207,PULAU MOROTAI, - , 40.80 , 355.83 , 55.73 , 115.00 , 34.73 , - , 40.80 , 331.29 , - , - , - , 974.18 
MALUKU UTARA,8208,PULAU TALIABU, - , - , - , - , - , - , - , - , - , - , - , - , - 
MALUKU UTARA,8271,TERNATE, - , - , - , - , - , - , - , - , - , - , - , - , - 
MALUKU UTARA,8272,TIDORE KEPULAUAN, - , - , - , - , - , - , - , - , - , 0.85 , - , - , 0.85 
PAPUA BARAT,9101,FAKFAK, 1.11 , 1.44 , 2.17 , - , - , - , - , 2.17 , 2.17 , - , - , 1.54 , 10.60 
PAPUA BARAT,9102,KAIMANA, - , - , - , - , - , - , - , - , - , - , - , - , - 
PAPUA BARAT,9103,TELUK WONDAMA, - , - , - , - , - , - , - , 15.24 , - , - , - , - , 15.24 
PAPUA BARAT,9104,TELUK BINTUNI, - , 85.19 , - , 8.52 , 8.52 , 51.11 , 17.04 , 17.04 , - , - , 17.04 , 17.04 , 221.50 
PAPUA BARAT,9105,MANOKWARI, 190.66 , 337.89 , 61.98 , 715.65 , 234.26 , 103.97 , 389.87 , 82.97 , 967.02 , 200.46 , 404.46 , 90.77 ," 3,779.95 "
PAPUA BARAT,9111,MANOKWARI SELATAN, - , - , - , 264.03 , 301.75 , - , - , - , - , 226.31 , 264.03 , 37.72 ," 1,093.84 "
PAPUA BARAT,9112,PEGUNUNGAN ARFAK, - , - , - , - , - , - , - , - , - , - , - , - , - 
PAPUA BARAT DAYA,9201,RAJA AMPAT, - , - , 45.45 , 45.45 , - , - , - , 90.89 , - , - , - , - , 181.79 
PAPUA BARAT DAYA,9202,SORONG, - , 31.17 , - , - , 37.72 , - , - , 31.17 , 5.70 , 18.88 , 6.67 , 0.05 , 131.36 
PAPUA BARAT DAYA,9203,SORONG SELATAN, - , - , - , - , - , - , - , - , - , 25.36 , - , 25.36 , 50.72 
PAPUA BARAT DAYA,9204,MAYBRAT, - , - , - , - , - , - , - , - , - , - , - , - , - 
PAPUA BARAT DAYA,9205,TAMBRAUW, - , - , - , - , - , - , - , - , - , - , - , - , - 
PAPUA BARAT DAYA,9271,SORONG, - , - , - , - , - , - , - , - , - , - , - , - , - 
PAPUA,9403,JAYAPURA, 45.42 , 104.62 , 144.05 , 52.96 , 40.83 , 110.26 , 79.28 , 2.33 , 36.44 , 3.33 , 9.29 , 1.91 , 630.72 
PAPUA,9408,KEPULAUAN YAPEN, - , - , - , - , - , - , - , - , - , 1.32 , 0.82 , - , 2.14 
PAPUA,9409,BIAK NUMFOR, - , - , - , - , - , - , - , - , - , - , - , - , - 
PAPUA,9419,SARMI, - , 6.47 , - , - , - , 6.47 , - , - , - , 6.47 , 5.63 , - , 25.04 
PAPUA,9420,KEEROM, 11.67 , - , - , 13.00 , - , 11.67 , - , - , 8.20 , 0.38 , 14.27 , 45.77 , 104.96 
PAPUA,9426,WAROPEN, 0.63 , - , - , - , - , - , - , - , - , 3.07 , 11.34 , 60.47 , 75.52 
PAPUA,9427,SUPIORI, - , - , - , - , - , - , - , - , - , 6.21 , - , - , 6.21 
PAPUA,9428,MAMBERAMO RAYA, - , - , - , - , - , - , - , - , - , - , - , - , - 
PAPUA,9471,JAYAPURA, - , - , - , - , - , 96.52 , - , - , - , - , 96.52 , 30.94 , 223.98 
PAPUA SELATAN,9501,MERAUKE, - , - ," 2,721.81 "," 13,097.11 "," 6,143.94 ", 588.40 , 789.02 ," 8,651.47 "," 10,926.51 "," 2,194.51 "," 1,165.55 ", 883.77 ," 47,162.09 "
PAPUA SELATAN,9502,BOVEN DIGOEL, - , - , - , - , - , - , - , - , 6.48 , - , - , - , 6.48 
PAPUA SELATAN,9503,MAPPI, - , - , - , - , - , - , - , - , - , - , - , - , - 
PAPUA SELATAN,9504,ASMAT, - , - , - , - , - , - , - , - , - , - , - , - , - 
PAPUA TENGAH,9601,MIMIKA, - , - , - , - , - , - , - , - , - , - , - , 4.33 , 4.33 
PAPUA TENGAH,9602,DOGIYAI, - , - , - , - , - , - , - , - , - , - , - , - , - 
PAPUA TENGAH,9603,DEIYAI, - , - , - , - , - , - , - , - , - , - , - , - , - 
PAPUA TENGAH,9604,NABIRE, 113.98 , 67.75 , 376.73 , 71.86 , - , 37.99 , 143.73 , 33.87 , - , 175.93 , 194.11 , 215.84 ," 1,431.79 "
PAPUA TENGAH,9605,PANIAI, - , - , - , - , - , - , - , - , - , - , - , - , - 
PAPUA TENGAH,9606,INTAN JAYA, - , - , - , - , - , - , - , - , - , - , - , - , - 
PAPUA TENGAH,9607,PUNCAK, - , - , - , - , - , - , - , - , - , - , - , - , - 
PAPUA TENGAH,9608,PUNCAK JAYA, - , - , - , - , - , - , - , - , - , - , - , - , - 
PAPUA PENGUNUNGAN,9701,NDUGA, - , - , - , - , - , - , - , - , - , - , - , - , - 
PAPUA PENGUNUNGAN,9702,JAYAWIJAYA, - , - , - , 1.38 , - , 5.52 , 1.38 , - , - , - , - , 1.38 , 9.66 
PAPUA PENGUNUNGAN,9703,LANNY JAYA, - , - , - , - , - , - , - , - , - , - , - , - , - 
PAPUA PENGUNUNGAN,9704,TOLIKARA, - , - , - , - , - , - , - , - , - , - , - , - , - 
PAPUA PENGUNUNGAN,9705,MAMBERAMO TENGAH, - , - , - , - , - , - , - , - , - , - , - , - , - 
PAPUA PENGUNUNGAN,9706,YALIMO, - , - , - , - , - , - , - , - , - , - , - , - , - 
PAPUA PENGUNUNGAN,9707,YAHUKIMO, - , - , - , - , - , - , - , - , - , - , - , - , - 
PAPUA PENGUNUNGAN,9708,PEGUNUNGAN BINTANG, - , - , - , - , - , - , - , - , - , - , - , - , - 
,,," 293,506.92 "," 462,808.69 "," 1,106,863.94 "," 1,707,514.75 "," 1,260,333.35 "," 723,213.11 "," 704,778.23 "," 1,019,071.35 "," 1,029,961.78 "," 825,535.08 "," 551,718.82 "," 360,829.46 "," 10,046,135.47 "
"*) Potensi Luas Panen November 2025 - Januari 2026 diperkirakan berdasarkan Fase Standing Crops (Fase Generatif, Fase Vegetatif Akhir, Fase Vegetatif Awal) dan Persiapan Lahan Amatan KSA Oktober 2025",,,,,,,,,,,,,,,
**) Produksi padi September 2025-Januari 2026 merupakan angka sementara,,,,,,,,,,,,,,,
,,,,,,,,,,,,,,,
Keterangan/catatan data:,,,,,,,,,,,,,,,
1. Luas panen dari hasil Survei KSA Padi,,,,,,,,,,,,,,,
2. Luas panen padi November 2025-Januari 2026 merupakan angka potensi,,,,,,,,,,,,,,,
3. Produksi padi = luas panen x produktivitas,,,,,,,,,,,,,,,
4. Produksi padi Jan-Ags 2025 merupakan angka tetap karena dihitung berdasarkan angka luas panen Jan-Ags 2025 dan produktivitas subround bersesuaian. Produksi padi Sep-Des 2025 merupakan angka sementara karena dihitung menggunakan angka luas panen Sep-Okt 2025 dan angka potensi luas panen Nov-Des 2025 hasil amatan KSA Oktober 2025 dan rata-rata produktivitas SR 3 2023-2024. Produksi padi Jan 2026 merupakan angka sementara karena dihitung menggunakan angka potensi luas panen Jan 2026 hasil amatan KSA Oktober 2025 dan rata-rata produktivitas SR 1 2024-2025.,,,,,,,,,,,,,,,
5. Produksi beras dihitung berdasarkan angka konversi gabah ke beras (Survei SKGB 2018) dan konversi susut/tercecer gabah/beras NBM 2018-2020,,,,,,,,,,,,,,,
,,,,,,,,,,,,,,,
,,,,,,,,,,,,,,,
,,,,,,,,,,,,,,,
